33.27,54.15,18.61,41.8,6.78,165.29,33.45,25.19,6.14,18.15,2,0,-1.45,0,0,0.01,164.49,0,0.01,6.14,84.57,86.96,4230.9,4231.8,51.55,12,40,17.91,65.63,126.47,126.31,38.89,0,0,0,18.26,-0.97,66.79,1.25,0,9.99,64.02,8.87,100,56,67.47,246.37,7.53,172.28,35,3999.9,4017.8
54.09,0,18.65,41.46,6.75,165.12,33.8,25.07,6.12,17.98,1.97,-0.02,-1.46,0,0,0.01,164.33,0,0.06,6.13,84.06,87,4205.7,4232.9,46.37,12,40,17.96,65.55,126.86,126.04,39.19,0,0,0,17,-0.97,68.23,4.11,0,10,64.11,9.48,100,55.2,67.07,246.35,7.66,172.59,35,4000,4007.2
0,54.16,18.5,41,4.86,165.47,31.55,18.13,6.17,18.03,1.98,0.02,-1.44,0,0,0.01,164.35,0,0.03,6.17,84.52,86.92,4235.3,4227.6,47.53,12,40,17.91,67.51,126.88,126.1,39.07,0,0,0,25.35,-0.94,67.03,6.67,0,10,65.25,6.54,100,55.45,67.32,245.36,7.59,172.29,35,3995.7,3976.8
53.83,0,18.72,41.56,6.82,164.69,33.3,25.35,6.14,18.11,1.94,-0.01,-1.4,0,0,0.01,164.23,0,0.04,6.15,84.46,86.92,4230.1,4194.8,53.78,12,40,18,65.15,126.82,125.98,38.91,0,0,0,17.48,-0.97,66.03,2.46,0,10,63.94,9.6,100,55.62,67.24,246.31,7.59,171.97,35,4000.1,4005.1
0,54.46,18.35,41.24,4.57,165.08,31.49,16.97,6.13,18.29,1.94,-0.01,-1.39,0,0,0.01,164.28,0,0.02,6.13,84.67,86.66,4234.7,4213.3,49.29,12,40,17.76,66.54,126.66,125.58,39.13,0,0,0,17.44,-0.97,66.99,1.27,0,10,64.58,6.45,100,55.96,67.56,246.65,7.55,172.43,35,4000.1,4026.2
0,54.21,18.5,41.62,5.34,165.18,32.05,19.85,6.13,18.15,2,0.02,-1.57,0,0,0.01,164.39,0,0.04,6.13,84.6,86.75,4231,4221.8,50.77,12,40,17.93,66.07,126.82,125.91,39.04,0,0,0,17.35,-0.97,66.14,1.13,0,10,63.95,7.52,100,55.46,67.28,246.6,7.63,172.81,35,3999.4,4003.2
54.22,0,18.37,41.28,4.65,165.31,31.56,17.32,6.15,18.15,1.98,0.02,-1.37,0,0,0.01,164.51,0,0.03,6.16,84.6,86.7,4231.4,4218.2,49.67,12,40,17.77,66.64,126.7,125.7,39.09,0,0,0,17.25,-0.97,66.92,1.24,0,10,64.39,6.43,100,55.89,67.53,246.42,7.55,172.44,35,3999.9,4031
53.89,0,19.3,42.92,0.67,165.24,26.19,2.49,6.15,19.93,2,0.02,-2.27,14.46,13.99,0.07,164.49,0,0.27,6.15,84.14,86.18,4210.6,4198.6,48.46,12,40,17.8,65.71,126.46,126.28,38.45,0,0,0,17.32,-0.97,66.38,2.15,0,10,64.14,9.5,100,55.57,67.16,246.6,7.61,172.12,35,4000.1,4014.1
0,54.1,18.69,40.9,0.8,144.21,18.57,2.98,4.2,20.28,1.99,0.01,-1.48,14.46,13.96,0.01,143.6,0,0.04,4.2,84.51,86.57,4231.1,4178.4,57.37,12,40,17.8,65.61,127.51,127.13,38.66,0,0,0,17.73,-0.97,67.11,1.3,0,10,64.24,7.03,100,55.82,67.6,246.66,7.57,172.47,35,3999.9,4043
54.03,0,18.28,41.07,7.7,165.43,34.35,28.65,6.15,19.98,1.99,0.03,-1.49,0,0,0.02,164.66,0,0.04,6.16,83.22,87.05,4167.9,4201.5,50.05,12,40,17.76,65.91,127.24,126.81,38.7,0,0,0,18.17,-0.97,66.99,1.25,0,10,64.6,6.15,100,55.93,67.57,247.11,7.57,172.49,35,4000.1,4031.3
53.76,0,18.76,41.36,5.24,165.41,31.35,19.57,6.17,20.3,2,0,-1.54,14.41,14.01,0.01,164.66,0,0.02,6.18,84.04,87.1,4209.7,4203.6,50.3,12,40,17.73,66.04,127.03,126.39,38.65,0,0,0,18.09,-0.97,66.77,1.26,0,10,64.09,8.24,100,55.98,67.58,246.73,7.55,172.39,35,3999.9,4018.1
0,54.12,18.95,41.41,6.33,165.36,32.71,23.64,6.16,20.01,1.98,0.02,-1.56,14.41,14,0.01,164.6,0,0.03,6.17,83.93,86.86,4202.6,4191.7,49.19,12,40,17.87,66.04,126.86,126.06,38.58,0,0,0,18.35,-0.97,66.92,1.26,0,10,64.09,8.86,100,55.68,67.37,246.42,7.58,172.55,35,4000,4009.6
0,54.81,18.48,41.49,3.2,165.46,30.12,11.92,6.16,17.79,2,0,-1.36,0,0,0.02,164.67,0,0.03,6.16,84.49,87.14,4228,4275.9,50.53,12,40,17.88,66.15,126.75,125.78,38.66,0,0,0,17.72,-0.97,66.58,1.26,0,10,64.44,6.73,100,55.84,67.48,246.48,7.56,172.45,35,4000,4000.9
54.26,0,18.58,41.64,5.31,165.22,32.11,19.77,6.15,18.11,1.91,0,-1.36,0,0,0.01,164.41,0,0.02,6.16,84.58,86.6,4230,4213.6,54.77,12,40,17.92,65.73,126.09,125.56,38.37,0,0,0,16.62,-0.97,67.42,4.43,0,10,64.11,8.74,100,55.48,66.99,246.62,7.62,171.69,35,4000.2,4024.9
0,54.04,18.84,42.77,0.08,107.09,1.44,0.3,0.45,18.07,2,0.03,-1.5,8.24,7.94,0.01,106.91,0,0.03,0.45,84.59,86.97,4230.1,4231.9,50.68,12,40,17.75,66.19,126.6,126.53,38.64,0,0,0,17.9,-0.97,67.16,1.27,0,10,64.25,6.92,100,55.87,67.42,246.56,7.56,172.45,35,4000,3991
53.71,0,18.47,40.79,5.67,164.68,32.43,21.09,6.14,20.17,2,0.02,-1.72,0,0,0.01,163.94,0,0.03,6.14,84.61,86.62,4234.3,4215.5,60.11,12,40,17.96,65.24,125.99,125.38,38.22,0,0,0,17.17,-0.97,66.34,7.46,0,10,64.17,8.63,100,55.67,66.9,246.38,7.59,171.44,35,4000.1,4019.6
54.67,0,18.43,41.47,5.49,164.34,32.18,20.48,0,18.13,1.98,-0.03,-1.49,0,0,0.02,163.58,0,0.07,6.15,84.56,86.3,4231,4198.3,52.28,12,40,17.83,66.1,126.53,126.42,38.54,0,0,0,17.82,-0.97,66.71,2.63,0,10,64.26,8.05,100,55.37,67.07,246.42,7.64,172.2,35,3995.6,4018.6
54.24,0,18.27,41.05,4.53,164.71,31.17,16.87,6.14,20,1.97,0.02,-1.83,0,0,0.01,164.15,0,0.04,6.14,84.64,86.26,4233,4199.7,62.19,12,40,17.84,65.87,126.55,125.42,38.65,0,0,0,17.13,-0.97,67.11,2.59,0,10,64.62,7.19,100,55.63,67.23,246.49,7.6,172.11,35,3998.7,3988.7
54.08,0,18.48,41.16,9.62,164.97,36.82,35.8,6.14,20.04,1.99,0.02,-2.15,0,0,0.02,164.23,0,0.07,6.14,83.64,87,4186.6,4242.2,46.63,12,40,17.88,65.82,126.06,125.51,38.23,0,0,0,17.04,-0.97,67.14,2.98,0,10,64.46,7.45,100,55.06,66.73,246.56,7.69,171.98,35,3997.3,4022.8
0,54.04,18.35,40.99,7.65,165.48,34.31,28.51,6.16,20.07,2,0.01,-1.53,0,0,0.02,164.71,0,0.04,6.17,83.61,86.62,4183.1,4216.5,49.67,12,40,17.84,66.01,126.64,126.61,38.5,0,0,0,17.66,-0.97,67.06,1.26,0,10,64.41,6.53,100,55.73,67.41,246.58,7.58,172.57,35,4000.2,4024.4
0,54.16,18.18,40.91,3.35,165.35,30.42,12.42,6.13,20.12,2,0.03,-1.49,0,0,0.02,164.58,0,0,6.14,83.05,87.73,4160,4200.9,61.79,12,40,17.77,66.1,126.16,125.7,38.56,0,0,0,17.16,-0.97,67,1.25,0,10,64.39,6.72,100,55.75,67.35,246.74,7.58,172.57,35,4000.1,3997.7
0,54.14,18.82,41.11,5.63,165.03,31.34,20.98,6.15,20.48,1.91,0,-1.54,14.37,13.94,0.01,164.26,0,0.02,6.16,84.62,86.39,4232,4203.6,41.89,12,40,17.79,65.5,127.45,127.3,38.72,0,0,0,18.35,-0.97,66.94,1.26,0,10,64.8,6.15,100,56.05,67.58,247.34,7.55,172.43,35,4000,4047.6
0,54.1,18.8,41.46,5.62,165.58,31.71,21.03,6.18,20.45,1.99,0.01,-1.64,14.43,13.92,0.01,164.81,0,0.03,6.19,84.46,87.05,4232.7,4201.7,50.05,12,40,17.79,65.49,126.8,125.89,38.6,0,0,0,18.25,-0.97,66.29,1.15,0,10,64.36,8.55,100,55.9,67.49,246.59,7.55,172.42,35,4000,4002.3
53.95,0,18.81,41.75,5.64,165.34,31.4,21.01,6.15,20.35,1.98,0.01,-1.63,14.42,13.91,0.01,164.56,0,0.04,6.15,84.53,86.97,4232.1,4197.4,59.45,12,40,17.81,65.57,126.62,125.53,38.56,0,0,0,18.03,-0.97,66.91,1.26,0,10,64.66,6.51,100,56.02,67.53,246.59,7.53,172.33,35,4000.3,3992.2
53.9,0,18.8,41.28,6.12,164.93,32.21,22.72,6.13,20.42,1.99,0.03,-2.26,14.42,13.89,0.01,164.28,0,0.03,6.13,84.57,86.75,4237,4227.2,50.09,12,40,17.8,65.44,126.36,126.11,38.03,0,0,0,17.71,-0.97,67.48,2.48,0,10,64.31,7.71,100,55.47,67.06,246.45,7.62,172.09,35,3996,4042
54.24,0,18.76,41.32,3.61,165.37,29.52,13.41,6.13,20.23,1.99,0.01,-1.52,14.46,13.97,0.01,164.61,0,0.01,6.14,84.24,87.12,4215.7,4239.8,51.74,12,40,17.83,66.18,126.93,126.17,39.59,0,0,0,18.43,-0.97,66.93,1.37,0,10,64.76,6.32,100,55.31,67.18,246.52,7.65,172.89,35,3999.4,3979.5
0,54.18,18.67,41.97,7.33,165.32,33.95,27.29,6.14,20.39,1.97,0,-1.43,12.82,10.91,0.01,164.56,0,0.02,6.15,85.02,86.8,4251.9,4259.3,50.38,12,40,17.66,66.07,126.73,125.74,39.86,0,0,0,18.82,-0.97,67.01,1.35,0,10,64.8,6.34,100,55.31,67.16,246.44,7.65,172.88,35,4000.1,3999.3
54.49,0,18.71,41.82,5.67,165.16,31.75,21.19,6.17,20.62,1.96,0.02,-2.18,14.42,13.9,0.02,164.56,0,0.06,6.17,84.54,86.82,4237,4194.6,61.82,12,40,17.69,65.72,126.65,125.59,37.97,0,0,0,17.88,-0.97,65.78,5.65,0,10,64.56,7.66,100,55.21,67.04,246.61,7.67,172.5,35,4000.1,4026.2
0,54.42,18.78,41.62,5.65,165.41,31.54,21.04,6.15,21.59,1.99,0.01,-2.13,14.44,13.82,0.02,164.65,0,0.04,6.16,84.71,86.34,4235.5,4205.8,53.75,12,40,17.79,66.04,126.84,126.02,38,0,0,0,18.5,-0.97,66.05,1.18,0,10,64.6,6.78,100,55.37,67.18,246.37,7.63,172.79,35,4000.2,4006.7
0,53.94,18.71,41.6,4.33,165.14,30.21,16.11,6.14,20.25,2,0.01,-1.52,14.39,13.85,0,164.38,0,0.02,6.14,84.62,86.61,4231.6,4214.7,53.68,12,40,17.77,66.3,126.21,125.79,39.84,0,0,0,17.76,-0.97,67,1.31,0,10,64.7,6.39,100,55.18,66.96,246.49,7.67,173.01,35,3997.4,4001.5
54.2,0,18.91,41.58,5.67,164.99,32.12,21.11,6.14,20.13,2,0.01,-2.03,14.42,13.89,0.01,164.25,0,0.02,6.15,84.55,86.79,4234.9,4227.5,49.89,12,40,17.89,66.53,125.97,125.32,39.26,0,0,0,17.82,-0.97,66.06,2.2,0,10,64.67,7.63,100,55.18,66.64,246.4,7.67,171.88,35,3999.9,4019.4
53.99,0,18.93,41.4,1.15,165.52,26.87,4.26,6.13,17.97,1.97,0,-1.47,14.56,0,0.02,164.76,0,0.05,6.14,83.71,86.99,4187.4,4234,47.13,12,40,17.93,65.54,126.48,126.31,37.91,0,0,0,18.24,-0.97,66.75,1.22,0,10,64.3,7.05,100,55.12,67.08,246.63,7.68,173.05,35,4000.2,4048.3
54.98,0,18.73,40.87,1.15,165.68,26.94,4.29,6.16,20.78,1.99,0.01,-1.75,14.52,13.99,0.01,164.91,0,0.04,6.17,84.29,86.53,4216.2,4212.9,50.16,12,40,17.75,64.91,126.88,125.76,38.09,0,0,0,0,-0.96,67.2,1.27,0,10,64.48,6.4,100,55.51,67.33,247.28,7.64,172.86,35,4000,3999
0,54.09,18.89,41.38,5.64,165.29,31.25,21.03,6.15,20.99,1.97,0.02,-1.79,14.4,13.87,0.01,164.53,0,0.03,6.16,84.54,86.72,4232.4,4186.3,51.2,12,40,17.85,65.76,126.95,126.06,38.09,0,0,0,18.2,-0.97,66.9,1.24,0,10,64.69,6.36,100,55.74,67.43,247.09,7.6,172.64,35,4000.1,4008.8
0,54.15,19.13,41.73,1.88,165.51,27.98,7.02,6.18,17.79,1.99,0.02,-1.45,14.46,13.98,0.01,164.75,0,0.02,6.19,83.85,86.67,4168.2,4182.6,49.23,12,40,17.89,65.74,126.67,125.64,38.01,0,0,0,18.44,-0.97,66.31,1.62,0,10,64.66,6.92,100,54.95,67.02,246.35,7.7,173.01,35,4000,4029.4
54.15,0,18.79,41.18,1.15,165.37,27.29,4.27,6.15,18.07,2,0,-1.46,14.4,13.87,0.01,164.33,0,0.04,6.16,84.48,86.91,4231.1,4193.8,48.14,12,40,17.74,65.63,126.86,125.08,38.06,0,0,0,18.28,-0.98,65.66,3.95,0,10,64.18,10.74,100,54.66,66.84,245.15,7.71,173.15,35,3999.9,4008.4
54.22,0,18.9,41.49,1.14,165.29,27.4,4.26,6.15,18.08,2,0.01,-1.46,14.41,13.88,0.01,164.54,0,0.02,6.15,84.44,86.87,4231.1,4192,58.69,12,40,17.83,65.05,127.17,126.66,38.05,0,0,0,18.94,-0.97,65.97,2.71,0,10,64.28,7.88,100,55.18,67.15,246.62,7.67,172.83,35,4000.3,4026.6
54.22,0,18.8,41.71,5.6,165.11,30.96,20.9,6.16,20.84,1.99,0.02,-1.73,14.37,13.93,0,164.35,0,0.02,6.17,84.12,86.95,4214.7,4198.8,56.15,12,40,17.76,64.45,127.29,126.64,38.07,0,0,0,18.06,-0.96,66.51,1.21,0,10,64.1,6.76,100,55.89,67.52,247.36,7.58,172.56,35,3999.9,4027.5
0,54.11,18.9,41.18,1.15,165.2,26.96,4.25,6.14,17.87,2,0,-1.38,14.4,13.97,0.01,164.45,0,0.03,6.15,84.08,86.41,4205.6,4205.1,49.66,12,40,17.91,66.02,125.98,125.34,37.76,0,0,0,17.63,-0.97,67.88,2.87,0,10,64.46,7.39,100,55.33,66.78,246.42,7.64,172.09,35,3988.7,3986.6
53.91,0,18.93,41.34,1.16,165.41,26.98,4.3,6.15,17.9,1.99,0,-1.32,14.44,13.89,0.02,164.65,0,0.04,6.15,84.56,86.95,4228.9,4230.9,46.96,12,40,17.87,66,126.93,126.94,38.03,0,0,0,18.43,-0.97,66.84,0,0,10,64.14,7.15,100,55.37,67.26,246.49,7.64,172.82,35,3988.7,4034.8
0,53.94,18.78,41.33,4.2,165.28,29.84,15.6,6.14,20.71,2,0,-1.85,14.42,14.01,0.01,164.53,0,0.01,6.14,83.83,86.67,4195.1,4220.1,50.4,12,40,17.72,64.11,126.25,125.87,37.91,0,0,0,18.37,-0.96,66.71,1.24,0,10,64.28,8.09,100,55.7,67.24,246.56,7.58,172.6,35,4000.2,4002.9
54.26,0,18.84,41.58,7.88,165.05,33.56,29.4,6.16,20.42,1.97,0.01,-2.03,14.41,13.89,0.01,164.5,0,0.04,6.16,84.33,86.5,4217.6,4213.1,46.85,12,40,17.71,65.6,126.89,126.12,38.06,0,0,0,17.94,-0.97,67.37,4.51,0,10,64.2,7.74,100,54.86,66.97,246.48,7.72,172.88,35,3988,4009.8
0,54.94,19,41.42,1.14,164.93,26.77,4.24,6.13,17.91,1.95,0,-1.45,14.36,14.02,0.01,164.17,0,0.04,6.14,83.25,86.67,4166.2,4216.5,47.74,12,40,17.99,65.52,126.69,125.68,37.9,0,0,0,18.33,-0.96,66.88,1.2,0,10,64.46,6.86,100,55.18,67.14,246.39,7.66,172.96,35,3999.9,4029.2
0,53.93,18.67,41.12,1.79,165.59,27.65,6.68,6.16,20.68,2,0.03,-1.57,14.48,14.03,0.01,164.82,0,0.04,6.17,83.73,85.86,4188.6,4176.9,50.37,12,40,17.67,65.01,126.68,126.55,38.01,0,0,0,18.19,-0.97,66.91,1.25,0,10,64.67,6.34,100,55.53,67.35,247.14,7.63,172.83,35,4000,3989.6
0,54.31,18.77,41.2,2.19,165.42,28.08,8.17,6.16,20.65,1.99,0.01,-1.8,14.42,13.92,0.01,164.66,0,0.02,6.16,84.54,86.96,4232.9,4198.9,51.35,12,40,17.75,65.27,126.86,126.04,37.99,0,0,0,18.71,-0.97,67.05,1.22,0,10,64.51,6.76,100,55.42,67.29,246.43,7.63,172.79,35,4000,4008
54.02,0,18.91,41.73,1.56,165.7,27.27,5.79,6.16,17.88,2,0.03,-1.5,14.54,14.03,0.01,164.94,0,0.04,6.17,84.14,86.52,4208.5,4209.8,49.81,12,40,17.81,63.65,126.58,126.51,38.5,0,0,0,18.72,-0.97,67.21,1.24,0,10,64.45,7.1,100,55.08,67.12,246.53,7.69,173.09,35,3998.7,4022.3
0,54.42,18.84,41.39,5.6,164.58,31.03,20.87,6.14,20.71,2,-0.01,-1.79,13.77,13.36,0.01,163.82,0,0.04,6.14,84.38,86.8,4232.5,4186.9,54.98,12,40,17.79,64.62,126.28,126.2,37.83,0,0,0,18,-0.96,66.39,1.17,0,10,65.23,9.15,100,55.13,67.17,245.25,7.63,172.82,35,4000.1,4018.1
0,54.22,18.94,41.91,3.14,165.43,28.55,11.7,6.15,18.07,1.99,-0.01,-1.51,14.44,13.93,0.01,164.67,0,0.03,6.15,84.39,87.21,4230.8,4209.1,50.25,12,40,17.85,65.23,126.97,126.17,37.98,0,0,0,18.31,-0.97,66.61,1.21,0,10,64.71,6.62,100,55.14,67.16,246.68,7.68,173.04,35,4000.2,4012.5
54.18,0,18.98,41.62,1.15,165.3,26.71,4.27,6.16,17.95,2,0,-1.56,14.4,13.98,0.01,164.55,0,0.04,6.16,83.96,86.94,4207.8,4195.9,52.31,12,40,17.94,64.91,126.9,125.89,38.03,0,0,0,18.64,-0.96,66.9,1.23,0,10,64.87,6.37,0,55.39,67.24,247.22,7.66,172.94,35,4000,4003.3
54.08,0,19,41.77,7.59,165.36,33.84,28.32,6.16,20.53,1.97,0.01,-1.55,14.47,13.88,0.01,164.66,0,0.04,6.16,84.9,87.17,4255.2,4207.2,49.4,12,40,17.84,65.37,126.75,126.85,37.92,0,0,0,17.72,-0.97,67.15,5.57,0,10,64.74,7.15,100,55.27,67.13,246.51,7.66,172.51,35,3998.2,3999.2
53.98,0,18.9,41.47,5.64,165.45,31.41,21,6.15,20.78,1.98,0.01,-1.93,14.44,13.81,0.01,164.69,0,0.02,6.16,84.66,86.34,4234,4240,61.42,12,40,17.96,65.28,126.11,125.58,37.75,0,0,0,18.01,-0.97,66.61,3.09,0,10,64.17,7.96,100,55.07,66.79,246.61,7.69,171.99,35,4000.2,4025.5
54.16,0,19.07,41.66,1.53,165.47,27.45,5.69,6.15,19.03,1.99,0,-1.69,14.48,13.89,0.01,164.77,0,0.04,6.15,84.63,86.25,4232.2,4197.3,49.02,12,40,17.86,65.49,126.48,126.32,38.09,0,0,0,18.19,-0.97,66.73,3.31,0,10,63.78,12.51,100,55.39,67.19,246.63,7.64,172.31,35,3997.2,4048.7
54.07,0,18.9,41.42,4.84,165.26,30.71,18.06,6.15,20.66,2,0.02,-2.19,14.45,13.84,0.01,164.5,0,0.03,6.16,84.77,86.53,4238.7,4214.1,55.78,12,40,17.83,65.73,126.73,126.8,37.97,0,0,0,17.88,-0.97,66.58,2.73,0,10,64.38,7.6,100,55.34,67.11,246.46,7.64,172.37,35,3996.9,4064.4
0,54.14,18.89,41.4,1.15,165.05,26.87,4.27,6.15,18.08,2,0,-1.45,14.37,13.8,0,164.28,0,0.02,6.16,84.61,86.41,4231.4,4203.5,51.04,12,40,17.82,64.65,126.65,126.52,38.03,0,0,0,19.15,-0.97,66.28,1.2,0,10,63.95,8.43,100,55.58,67.32,247.15,7.62,172.75,35,4000.2,3989.8
53.96,0,18.99,41.43,1.13,165.68,27.15,4.21,6.18,17.81,2,0,-1.46,14.44,14.05,0,164.91,0,0.01,6.18,83.38,86.97,4170.7,4267.6,47.97,12,40,17.92,65.67,126.57,126.16,37.9,0,0,0,17.99,-0.97,65.8,2.22,0,10,64.34,8.26,100,55.09,66.97,246.5,7.69,172.52,35,3995.6,4044.6
53.97,0,18.92,41.8,1.15,165.38,26.79,4.28,6.16,18.88,2,0.01,-1.55,14.41,13.88,0.01,164.61,0,0.02,6.16,84.59,86.82,4231.1,4225.1,50.12,12,40,17.78,65.81,126.46,126.24,38.02,0,0,0,18.66,-0.96,67.02,1.31,0,10,63.96,13.15,100,55.72,67.47,246.93,7.59,172.65,35,4000.1,4013.8
0,53.82,19.1,41.77,1.15,165.48,26.92,4.27,6.15,18.91,1.99,0.01,-1.5,14.45,13.84,0,164.71,0,0.02,6.15,84.6,86.63,4230.9,4215.4,50.28,12,40,17.9,65.89,126.94,126.21,38.1,0,0,0,18.27,-0.97,66.88,1.29,0,10,63.84,12.45,100,55.57,67.4,246.56,7.61,172.71,35,4000.2,3980.4
0,54.32,18.96,41.77,1.15,165.53,26.88,4.24,6.15,18.95,1.99,0,-1.41,14.48,14.14,0.02,164.77,0,0.04,6.16,83.56,86.64,4185,4182.4,50.95,12,40,17.76,64.42,126.13,125.63,37.88,0,0,0,18.33,-0.96,66.43,1.15,0,10,64.29,8.62,100,55.72,67.31,246.67,7.59,172.61,35,3999.9,4026.4
54.14,0,19,41.87,1.78,165.45,27.49,6.68,6.17,18.55,1.99,0.01,-1.44,14.46,13.87,0.01,164.84,0,0.02,6.17,84.6,86.13,4230.6,4190.4,50.46,12,40,17.85,64.52,126.7,126.77,38.01,0,0,0,18.78,-0.97,65.84,7.09,0,10,63.83,11.72,100,55.24,67.11,246.38,7.66,172.45,35,4000,4029.8
0,54.43,18.98,41.88,1.16,165.48,26.76,4.29,6.17,18.65,2,0.01,-1.41,14.42,13.89,0.01,164.71,0,0.03,6.17,84.5,86.92,4230.4,4194,49.46,12,40,17.85,64.28,126.84,126.02,37.95,0,0,0,19.57,-0.97,66.88,1.29,0,10,63.85,13.7,100,55.57,67.37,246.35,7.6,172.67,35,4000.1,4007.8
0,54.12,19.07,42.05,4.26,164.47,30.39,15.91,6.16,18.82,1.95,0,-1.55,14.35,13.78,0.01,164.28,0,0.04,6.16,84.4,86.09,4221.2,4189.1,47.17,12,40,17.87,63.82,126.51,125.35,37.91,0,0,0,18.38,-0.97,66.06,1.15,0,10,64.08,9.87,100,55.51,67.31,246.37,7.61,172.5,35,4000,4018.5
53.5,0,18.9,41.92,6.83,165.77,32.28,25.43,6.16,16.47,1.97,0.01,-1.37,14.58,14.22,0.02,165.02,0,0.05,6.17,83.37,86.87,4172,4222,47.05,12,40,17.71,65.18,126.58,125.44,37.98,0,0,0,17.28,-0.97,66.3,2.11,0,10,64.02,9,100,54.82,66.96,246.49,7.73,172.77,35,3998.1,4021.7
54.13,0,18.76,41.3,1.16,165.7,26.8,4.3,6.16,18.8,1.96,0,-1.54,14.53,13.89,0.02,164.93,0,0.04,6.16,84.63,86.29,4231.9,4197.9,51.89,12,40,17.56,63.29,126.51,125.36,37.86,0,0,0,18.6,-0.97,66.1,1.83,0,10,64,8.64,100,54.5,66.79,246.38,7.78,172.89,35,4000,4020.1
0,54.17,18.88,41.51,1.15,165.35,26.67,4.29,6.16,18.9,2,0.02,-1.55,14.4,13.87,0.01,164.58,0,0.03,6.16,84.54,86.79,4226.8,4223.3,51.09,12,40,17.69,63.01,127.52,127.26,38.1,0,0,0,18.87,-0.97,66.45,1.21,0,10,63.96,7.97,100,55.13,67.24,247.48,7.71,173.21,35,3999.9,4012.5
54,0,19.05,41.98,1.15,165.57,26.68,4.29,6.16,16.61,2,0.02,-1.46,14.48,14,0.01,164.79,0,0.01,6.17,84.43,86.86,4230.3,4227.1,48.97,12,40,17.78,63.34,127.23,126.64,38.11,0,0,0,18.93,-0.97,66.91,1.3,0,10,63.93,11.02,100,56.11,67.77,247.2,7.54,172.37,35,3999.9,4027.4
54.61,0,19.06,41.73,1.15,165.52,26.62,4.28,6.16,16.37,2,0,-1.5,14.44,13.82,0.01,164.75,0,0.02,6.17,84.59,86.57,4230.6,4212.3,50.87,12,40,17.89,63.78,126.24,125.86,37.84,0,0,0,18.03,-0.96,66.22,2.26,0,10,63.91,10.44,100,55.56,67.16,246.55,7.61,171.8,35,3997.9,4034.1
54.12,0,18.97,41.37,1.01,153.56,21.73,3.72,4.96,16.57,2,0.01,-1.36,14.44,14.06,0.02,153.79,0,0.06,4.96,83.6,87.51,4189.5,4223.2,49.35,12,40,17.78,63.72,127.12,126.46,38.06,0,0,0,18.88,-0.97,66.63,1.24,0,10,63.97,10.59,100,56.17,67.81,247.12,7.53,172.32,35,3999.8,4021.6
0,53.96,19.06,41.8,2.45,165.7,27.8,9.15,6.17,16.57,1.99,0,-1.48,14.5,13.93,0.01,164.93,0,0.03,6.17,84.59,86.5,4230.9,4207.3,47.85,12,40,17.79,63.55,127,126.31,38.05,0,0,0,18.6,-0.97,66.33,1.98,0,10,64.08,10.89,100,55.97,67.66,246.66,7.54,172.28,35,3999.9,4015.6
0,54.15,19.03,42.03,1.14,165.47,26.64,4.23,6.16,16.76,2,0.02,-1.42,14.43,14.04,0,164.71,0,0.01,6.16,83.86,87.1,4194.8,4238.6,49.85,12,40,17.74,63.71,127.5,127.34,38.12,0,0,0,18.42,-0.97,67.28,1.3,0,10,64.24,6.98,100,56.1,67.83,246.63,7.52,172.29,35,4000.2,4015.6
0,54.05,18.99,41.61,1.16,165.6,26.66,4.3,6.17,16.46,1.99,0.01,-1.51,14.48,13.89,0.01,164.83,0,0.03,6.17,84.61,86.26,4231.5,4196,39.09,12,40,17.84,63.61,127.21,126.63,38.09,0,0,0,18.62,-0.97,66.7,1.22,0,10,64.14,7.89,100,55.98,67.72,247.21,7.56,172.47,35,3998.6,4026.8
53.82,0,19.11,41.48,1.16,165.59,26.81,4.3,6.16,16.33,2,0,-1.5,14.46,13.99,0.01,164.74,0,0.04,6.16,84.14,86.76,4210.4,4221.9,47.74,12,40,17.98,64.41,126.31,125.99,37.87,0,0,0,17.51,-0.97,67.03,3,0,10,64.18,9.79,100,55.22,67.02,246.29,7.66,172.18,35,4000.1,4006.7
54.26,0,18.92,41.84,1.64,165.36,27.23,6.1,6.17,16.47,1.97,0.01,-1.39,14.39,13.85,0.01,164.6,0,0.03,6.17,84.55,86.67,4229.1,4252.1,49.06,12,40,17.78,63.93,127.76,127.05,38.14,0,0,0,17.97,-0.97,66.4,1.35,0,10,64.44,7.28,100,55.37,67.43,246.66,7.65,172.87,35,4000.1,4005.3
0,54.29,19.02,41.77,1.15,165.56,26.65,4.28,6.17,16.51,1.99,0,-1.36,14.44,14.03,0.01,164.79,0,0.02,6.17,83.98,87.62,4208.2,4229.3,50.08,12,40,17.94,64.26,127.24,126.62,38.14,0,0,0,18.21,-0.97,66.76,1.31,0,10,64.12,7.13,100,55.77,67.6,247.11,7.59,172.67,35,4000.1,4026.8
0,54.23,19.1,41.73,1.45,165.44,26.95,5.39,6.16,16.34,1.98,0.02,-1.34,14.41,14,0.01,164.68,0,0.02,6.16,83.86,86.65,4204,4180,48.44,12,40,17.93,62.94,127.13,126.58,38.12,0,0,0,18.5,-0.97,66.94,1.31,0,10,64.17,6.98,100,55.3,67.35,246.96,7.67,173.03,35,3999.9,4026
0,54.02,18.97,41.54,1.15,165.48,26.72,4.26,6.16,16.36,2,0.01,-1.29,14.42,14,0.02,164.72,0,0.05,6.17,83.64,87.14,4184,4242.4,39.78,12,40,17.81,63.22,126.46,126.15,37.91,0,0,0,17.77,-0.97,66.63,1.23,0,10,64.27,7.28,100,55.68,67.46,246.6,7.59,172.64,35,4000.2,3978.5
0,53.9,19.11,41.99,1.72,165.1,28.03,6.42,6.14,16.62,2,0.02,-1.44,14.4,13.87,0.01,164.55,0,0.04,6.14,84.48,86.85,4231.7,4189.6,48.63,12,40,17.9,64.31,126.9,126.1,38.07,0,0,0,17.8,-0.97,65.9,1.14,0,10,64.68,7.47,100,55.35,67.36,246.46,7.64,172.83,35,4000,4009.3
54.13,0,19.11,41.89,1.61,165.3,27,5.97,6.14,16.58,2,0.03,-1.4,14.4,13.87,0.01,164.51,0,0.03,6.14,84.55,86.8,4229.7,4222.6,49.57,12,40,17.82,64.63,126.9,125.78,38.22,0.25,1.09,0.25,17.7,-0.97,66.68,1.22,0,10,64.99,6.29,100,55.82,67.58,247.32,7.59,172.69,35,4000,4001
53.99,0,19.04,41.93,1.13,165.48,26.55,4.21,6.16,15.99,1.99,0.01,-1.48,14.43,14.15,0.01,164.67,0,0.04,6.16,83.02,87.79,4154.4,4273.1,48.77,12,40,17.83,63.17,126.57,126.46,38.15,0.11,-0.27,3.95,18.53,-0.96,67.03,1.37,0,10,63.81,15.93,100,55.91,67.67,246.79,7.56,172.48,35,3999.9,3988.5
54.12,0,19.1,41.89,6.86,165.41,32.21,25.57,6.15,16.54,2,0,-1.5,14.4,13.75,0.01,164.63,0,0.05,6.15,84.63,86.12,4232.1,4188.6,48.69,12,40,17.76,63.86,125.99,125.34,41.37,0,0,0.26,18.24,-0.97,66.57,2.83,0,10,63.32,22.32,100,55.62,66.95,246.42,7.6,171.6,35,3991.7,3987.1
0,54.31,19.12,41.44,1.16,164.96,26.65,4.31,6.16,16.37,2,0.01,-1.4,14.37,13.81,0.01,164.39,0,0.03,6.16,84.58,86.46,4230,4207.1,38.46,12,40,17.89,63.27,126.02,126.47,37.87,0.61,0.58,21.76,18.51,-0.97,66.61,1.38,0,10,63.65,15.98,100,55.79,67.38,246.45,7.57,172.54,35,3997.7,3989
0,53.99,18.97,41.3,1.49,165.3,26.89,5.53,6.14,16.35,2,0,-1.44,14.4,13.99,0.01,164.56,0,0.03,6.15,83.69,86.92,4186.6,4228.6,48.97,12,40,17.92,64.36,126.64,125.54,39.63,0,0,0,18.31,-0.97,66.62,1.2,0,10,63.2,22.18,100,55.37,67.32,246.56,7.64,172.91,35,4000.1,3991.3
54.03,0,19.02,41.43,1.68,165.58,27.17,6.26,6.15,16.22,2,0.04,-1.42,14.02,13.54,0.01,164.81,0,0.03,6.16,83.57,87.64,4192.1,4203.4,49.09,12,40,17.99,63.86,126.09,125.57,40,0,0,0,17.9,-0.97,66.63,1.2,0,10,63.98,8.51,100,55.92,67.39,246.59,7.55,172.52,35,4000.2,3993.6
0,54.22,18.96,41.95,1.15,165.5,26.61,4.29,6.16,16.68,2,0,-1.42,14.42,13.9,0.01,164.73,0,0.03,6.17,84.58,87.02,4230.4,4233.8,49.67,12,40,17.83,63.75,126.89,126.13,38.2,0,0,0,18.21,-0.96,66.62,1.23,0,10,65.27,6.19,100,55.58,67.5,246.5,7.61,172.75,35,3992.6,3979.3
54.21,0,19.22,41.92,2.17,165.38,27.47,8.1,6.16,16.13,1.98,0,-1.48,14.4,13.99,0.01,164.59,0,0.03,6.16,83.9,87.36,4204.7,4216.6,49.92,12,40,17.99,62.97,126.02,125.44,37.92,0.06,0.03,0.13,18.16,-0.97,66.28,4.42,0,10,63.7,15.61,100,55.55,66.95,246.48,7.61,171.55,35,3993.8,4020.9
0,54.28,19.08,41.33,1.16,165.16,26.88,4.31,6.15,16.41,1.98,0.02,-1.44,14.38,13.85,0.01,164.51,0,0.03,6.16,84.57,86.66,4229.9,4216.6,48.06,12,40,18.01,62.93,126.69,125.75,40.94,0,-0.01,0,18.28,-0.97,65.89,1.13,0,10,63.9,9.43,100,55.98,67.67,246.38,7.54,172.4,35,3999.8,4032.1
54.16,0,18.97,41.09,1.16,165.65,26.65,4.31,6.16,16.24,2,0.01,-1.43,14.47,13.88,0.01,164.87,0,0.02,6.17,84.57,86.17,4215.8,4193.1,38.63,12,40,17.9,62.79,126.63,125.49,40.65,0,0,0,18.34,-0.97,66.68,1.21,0,10,63.67,17.03,100,55.93,67.63,246.92,7.56,172.53,35,4000,3992
0,54.09,19.02,41.57,1.63,165.53,27,6.06,6.15,16.21,1.95,0.01,-1.48,14.45,14.19,0.01,164.76,0,0.03,6.15,82.62,86.63,4134.7,4219.3,49.13,12,40,17.91,63.63,126.14,124.61,39.54,0,0,0,18.1,-0.97,66.51,1.22,0,10,63.81,16.21,100,55.83,67.4,246.37,7.56,172.55,35,4000,3997.1
0,54.4,18.97,41.94,1.14,165.55,26.54,4.26,6.16,16.26,1.98,0,-1.44,14.45,14.07,0.01,164.82,0,0.02,6.16,83.51,86.41,4177.2,4207.2,50.11,12,40,17.82,63.19,127.16,126.2,39.98,0,0,0,18.34,-0.97,67,1.21,0,10,63.59,16.57,100,55.62,67.57,247.48,7.63,172.85,35,4000,4013.7
54.09,0,19.16,41.83,1.15,165.58,26.58,4.26,6.16,16.32,2,0.01,-1.38,14.47,13.87,0.01,164.86,0,0.03,6.16,84.6,86.21,4217.7,4193.1,49.52,12,40,18.01,63.05,126.3,125.98,39.71,0,0,0,17.65,-0.97,66.63,1.24,0,10,63.92,14.26,100,55.27,67.26,246.35,7.65,172.92,35,3999.8,4039.7
54.04,0,19.07,41.76,2.26,165.39,27.63,8.42,6.17,16.13,1.98,0,-1.47,14.4,13.97,0.01,164.6,0,0.03,6.17,83.6,86.9,4181.5,4231.6,51.97,12,40,17.87,63.91,126.69,125.7,37.8,0,-0.04,0,18.88,-0.97,66,2.3,0,10,63.17,23.57,100,55.12,67.17,246.38,7.68,172.6,35,4000,4029.9
0,54.32,19.05,41.94,1.14,165.55,26.67,4.24,6.15,16.26,2,0.02,-1.41,14.47,14.01,0.01,164.77,0,0.03,6.16,83.94,86.36,4198,4199.7,50.37,12,40,17.92,63.1,126.03,124.48,37.43,0,0,0,18.49,-0.97,67.03,1.15,0,10,64.02,12.91,100,55.16,66.96,246.43,7.67,173.05,35,3992.9,3956.3
0,54.19,19,41.47,1.16,165.23,26.49,4.3,6.16,16.7,1.97,0.02,-1.51,14.37,13.81,0.02,164.46,0,0.05,6.17,84.56,86.53,4230.2,4209.9,46.68,12,40,17.86,63.5,126.72,125.78,39.27,0,0,0,17.96,-0.96,66.21,1.11,0,10,63.61,17.57,100,55.23,67.24,246.43,7.66,172.97,35,3997.4,3998.8
0,53.86,19.18,41.62,1.15,165.52,26.58,4.27,6.16,16.59,1.9,0.03,-1.37,14.43,13.92,0.02,164.76,0,0.03,6.16,84.08,87.06,4210.6,4236.1,49.06,12,40,18.07,64.67,126.9,125.81,38.99,0,0,0,18.78,-0.97,66.78,1.2,0,10,63.1,24.76,100,55.61,67.5,247.33,7.63,172.83,35,3999.9,4001.8
54.18,0,19.02,41.48,1.5,165.53,26.92,5.59,6.15,16.23,2,0.03,-1.54,14.44,13.94,0.01,164.76,0,0.03,6.16,83.98,87.05,4200.7,4236.8,46.63,12,40,17.87,63.2,126.68,125.67,39.44,0,0,0,18,-0.96,66.35,2.34,0,10,63.52,17.69,100,55.02,67.18,246.37,7.69,172.57,35,4000,4030.3
0,54.05,19.01,41.33,1.14,165.1,26.38,4.25,6.15,16.28,2,0,-1.48,14.36,14.03,0.01,164.33,0,0.04,6.16,83.27,86.99,4171.4,4202.7,39.36,12,40,17.89,63.4,125.98,125.32,37.58,0,0,0,17.84,-0.97,66.44,1.19,0,10,63.93,14.35,100,55.27,66.92,246.35,7.65,172.96,35,4000,4019
54.07,0,19.07,41.5,1.43,165.61,26.94,5.34,6.16,16.52,1.99,0,-1.34,14.47,13.87,0.01,164.83,0,0.02,6.16,84.59,86.14,4230.2,4191.1,48.81,12,40,17.88,62.88,126.07,125.57,38.08,0,-0.04,0,18.04,-0.97,66.77,2.8,0,10,63.39,19.87,100,54.97,66.91,246.58,7.71,172.13,35,4000.2,3993
0,54.05,18.9,41.29,1.2,165.56,26.69,4.47,6.15,16.51,1.99,0,-1.44,14.46,14.21,0.01,164.79,0,0.02,6.16,82.51,87.35,4133.5,4216.6,48.53,12,40,17.93,64.37,126.83,125.88,39.69,0,0,0,18.52,-0.96,66.75,1.21,0,10,63.11,26.61,100,55.5,67.51,246.89,7.63,172.88,35,3999.9,4002.8
53.99,0,18.88,41.23,1.14,165.59,26.62,4.24,6.16,16.39,1.98,0,-1.25,14.44,14.06,0.02,164.79,0,0.03,6.17,83.6,86.8,4181.6,4223.7,48.99,12,40,17.89,64.34,126.44,126.23,39.64,0,0,0,19.16,-0.97,66.82,1.21,0,10,63.19,26.89,100,55.35,67.35,246.58,7.64,172.93,35,3999.4,4015.2
53.98,0,19.09,41.41,1.58,165.34,26.95,5.89,6.16,16.44,2,0.03,-1.51,14.38,13.83,0.01,164.55,0,0.02,6.16,84.54,86.59,4229.1,4213.9,47.42,12,40,17.95,63.1,126.91,126.15,41.37,0,-0.06,0,17.85,-0.97,66.39,2.68,0,10,63.69,14.96,100,54.87,67.12,246.56,7.72,172.9,35,3998.5,3979.5
54.19,0,18.94,41.19,1.28,165.5,26.76,4.77,6.14,16.58,1.94,0.01,-1.36,14.46,13.99,0.01,164.73,0,0.03,6.15,84.09,86.35,4205.9,4198.5,49.06,12,40,17.92,64.24,126.01,125.42,40.95,0,0,0,18.53,-0.97,66.93,1.26,0,10,63.44,21.42,100,55.45,67.16,246.46,7.63,172.84,35,3996.2,3989.1
53.97,0,19.01,41.79,1.15,165.3,26.56,4.25,6.15,16,1.96,0,-1.33,14.4,13.99,0.01,164.54,0,0.04,6.15,83.52,86.92,4178.3,4234.5,49.25,12,40,17.84,63.21,126.41,126.19,37.53,0,0,0,18.58,-0.96,66.76,1.2,0,10,63.96,13.96,100,55.1,0,246.5,7.69,173.1,35,3999.2,3979.2
54.4,0,19.02,41.89,1.16,165.61,26.61,4.3,6.17,16.17,1.99,0.02,-1.34,14.45,13.84,0.01,164.82,0,0.02,6.17,84.68,86.72,4234.5,4216,49.76,12,40,17.88,63,126.03,126.49,37.45,0,0,0,18.52,-0.97,66.64,1.24,0,10,64.61,12.09,100,55.35,67.08,246.48,7.64,172.91,35,3995.5,3988.8
0,54.05,19.02,41.36,1.16,165.73,26.61,4.32,6.16,16.65,2,0.02,-1.48,14.54,14.01,0.01,164.96,0,0.04,6.16,84.05,86.83,4204,4223.6,52.4,12,40,17.92,63.53,126.49,125.28,40.15,0,0,0,18.55,-0.97,66.53,1.34,0,10,64.36,8.35,100,57.53,68.29,255.57,7.62,172.53,35,3999.8,4017.2
0,54.24,18.96,41.39,1.14,165.59,26.59,4.26,6.16,16.65,2,0,-1.51,14.45,13.95,0.01,164.82,0,0.03,6.17,84.1,86.79,4207.4,4224.7,38.67,12,40,17.82,63.01,126.58,125.45,43.68,0,-0.01,0,17.83,-0.97,66.52,1.23,0,10,63.84,13.29,100,55.04,67.34,246.54,7.69,173.14,35,4000,3991
0,54.22,19.21,41.79,1.13,165.59,26.52,4.21,6.16,16.41,2,0.01,-1.34,14.46,14.1,0.01,164.82,0,0.03,6.16,83.22,85.67,4163.3,4167.7,49.24,12,40,18.11,62.76,126.28,125.91,38.43,0,0,0,17.85,-0.96,66.49,1.19,0,10,63.95,11.34,100,55.27,67.21,246.59,7.65,172.96,35,4000.1,4003.6
54.24,0,18.94,41.82,1.15,165.34,26.53,4.26,6.15,16.46,1.99,0.01,-1.39,14.4,13.98,0.01,164.56,0,0.04,6.16,84.06,87.01,4207.8,4232.6,49.3,12,40,17.78,62.88,126.12,125.62,41.44,0,-0.01,0.62,17.96,-0.97,66.52,1.25,0,10,64.09,12.14,100,55.14,67.12,246.36,7.67,173.04,35,4000,4028.6
54.25,0,19.19,41.67,6.67,165.31,31.71,24.83,6.15,16.27,1.98,0.02,-1.46,14.4,13.87,0.02,164.55,0,0.06,6.15,84.29,86.67,4224.3,4180.5,48.28,12,40,17.95,64.02,126.94,126.21,39.45,0,0,0,18.6,-0.97,66.49,2.23,0,10,63.26,22.06,100,55.19,67.24,246.57,7.67,172.73,35,3999.8,3981.1
54.25,0,19,41.69,6.09,165.44,30.98,22.67,6.14,16.47,1.99,-0.01,-1.44,13.9,13.03,0.01,164.66,0,0.04,6.14,84.61,88.41,4232.1,4221.5,46.13,12,40,17.9,64.02,126.23,125.84,40.07,0,0,0,18.93,-0.97,67.19,2.7,0,10,63.22,24.58,100,55.21,67.07,246.54,7.67,172.25,35,3997.6,4002
54.08,0,19.02,41.46,2.82,165.73,28.06,10.49,6.16,16.4,1.98,0,-1.52,14.58,13.97,0.02,164.96,0,0.06,6.16,84.57,86,4230.1,4184.1,52.3,12,40,17.95,63.48,126.71,125.72,37.73,0,0,0,17.91,-0.97,65.91,1.66,0,10,64.03,12.45,100,55.7,67.46,248.78,7.67,172.56,35,3999.9,4030.4
0,54.09,19.17,41.5,1.15,165.28,26.55,4.26,6.17,16.54,1.95,0.01,-1.24,14.38,13.93,0.02,164.53,0,0.04,6.17,83.85,86.4,4197.9,4203.1,49.57,12,40,18,63.76,126.94,126.22,39.81,0,0,0,17.64,-0.97,66.49,1.22,0,10,64.27,10.04,100,54.99,67.22,246.57,7.7,173.23,35,3998.8,4012
54.05,0,19.31,41.8,6.46,165.69,31.4,24.08,6.18,16.79,1.99,0.02,-1.7,14.43,13.81,0.02,164.91,0,0.04,6.18,84.62,86.41,4231.9,4206.6,48.05,12,40,18.15,62.95,126.39,128.15,37.58,0,0,0,17.5,-0.97,65.87,3.36,0,10,63.42,19.09,100,55.15,67,246.4,7.67,172.93,35,3997.1,4039.9
54.17,0,19.14,41.54,1.32,165.52,26.68,4.93,6.16,16.2,1.96,0.02,-1.27,14.42,14.01,0.01,164.76,0,0.04,6.16,83.78,87.02,4190.8,4235.5,49.34,12,40,17.96,63.14,126.45,126.22,39.75,0,-0.01,0,17.93,-0.97,67.09,1.22,0,10,64.16,12.11,100,55.53,67.32,246.59,7.61,172.77,35,3996.9,4014.2
54.06,0,19.18,41.28,2.78,165.4,27.93,10.42,6.16,16.36,1.99,0.01,-1.49,14.46,13.86,0.02,164.65,0,0.09,6.16,84.63,86.09,4232.2,4186.7,47.59,12,40,18.05,63.9,126.71,125.73,39.48,0,0,0,17.09,-0.97,66.29,2.95,0,10,63.89,10.23,100,54.8,66.95,246.46,7.73,172.92,35,3997.5,3998.6
0,54.28,19.2,41.55,1.46,165.28,26.84,5.42,6.16,16.96,1.95,0.02,-1.38,14.4,13.96,0.01,164.63,0,0.02,6.17,83.63,86.05,4183.2,4221.9,49.21,12,40,18.03,63.42,126.76,125.81,40.67,0,0,0,17.96,-0.96,66.57,1.23,0,10,63.88,12.47,100,55.44,67.31,246.51,7.63,172.83,35,3999.1,4000.4
53.95,0,19.01,41.61,1.14,165.71,26.57,4.24,6.17,16.68,1.99,0.02,-1.46,14.47,13.99,0.01,164.94,0,0.02,6.17,84.02,86.54,4201.9,4212.2,49.31,12,40,17.84,63.73,126.23,125.8,41.19,0,0,0,17.74,-0.96,66.77,1.22,0,10,64.7,9.43,100,55.13,67.07,246.51,7.68,173.12,35,3997.4,3999.5
53.94,0,19.22,41.12,5.66,165.46,30.54,21,6.13,16.73,1.98,0.01,-1.51,14.45,13.85,0.01,164.7,0,0.04,6.13,84.56,86,4228.9,4185.4,49.33,12,40,18.07,63.74,126.47,126.28,36.7,0,0,0,16.75,-0.97,65.7,1.58,0,10,63.83,11.31,100,55.26,67.08,246.59,7.66,172.51,35,3998.6,4013.3
54.06,0,19.14,41.51,2.65,165.31,27.93,9.91,6.16,16.4,2,0.01,-1.46,14.39,13.81,0.01,164.41,0,0.03,6.16,84.54,86.49,4231.1,4207.4,47,12,40,18.02,63.46,126.01,125.21,38.21,0,0,0,17.14,-0.97,66.42,1.45,0,10,63.86,12.48,100,54.93,66.79,246.45,7.71,171.95,35,4000.2,4013.7
54.18,0,19.03,41.31,1.93,165.49,27.43,7.19,6.16,16.53,2,0,-1.48,14.41,13.78,0.01,164.73,0,0.05,6.16,84.62,86.35,4231.4,4200.2,47.83,11.99,40,18.02,64.31,126.39,126.15,38.33,0,0,0,17.81,-0.97,66.1,2.39,0,10,63.24,22.37,100,55.23,67.15,246.5,7.66,172.32,35,3998.7,3978.9
53.87,0,19.17,41.78,1.15,165.23,26.58,4.25,6.18,16.41,1.99,0.01,-1.39,14.38,13.92,0.01,164.46,0,0.03,6.18,83.98,86.58,4198.3,4213.3,49.38,12,40,18.06,62.64,126.05,125.47,37.96,0,0,0,17.33,-0.96,66.57,1.2,0,10,64.32,6.64,100,55.27,67.1,246.52,7.65,172.95,35,4000,3990.4
53.9,0,19.09,41.74,1.15,165.24,26.57,4.27,6.17,16.67,2,0,-1.44,14.38,13.93,0.02,164.48,0,0.04,6.18,83.88,86.9,4193.6,4229.7,49.41,12,40,17.99,64.64,126.32,125.99,39.07,0,0,0.19,18.34,-0.97,66.81,1.21,0,10,63.35,23.38,100,55.49,67.38,246.65,7.62,172.81,35,4000.2,4005.8
0,54.11,19.16,41.02,1.15,165.18,26.35,4.29,6.16,16.52,2,-0.01,-1.43,14.36,13.91,0.01,164.43,0,0.03,6.16,84.16,86.8,4215.9,4188.2,48.82,12,40,18.01,62.89,126.22,125.76,45.75,0,0,0,17.96,-0.96,66.7,1.23,0,10,63.52,20.24,100,55.38,67.15,246.48,7.64,172.94,35,4000.2,3967.4
53.87,0,19.31,40.97,2.11,165.6,27.54,7.88,6.2,16.52,1.99,0.01,-1.35,14.43,13.92,0.01,164.83,0,0.03,6.21,84.11,86.62,4206.1,4249.2,47.4,12,40,18.23,62.79,126.64,125.58,45.01,0,0,0,17.38,-0.97,66.22,2.8,0,10,63.66,16.97,100,55.02,67.03,246.35,7.7,172.69,35,4000,4029.8
54.11,0,19.26,41.46,1.4,165.53,26.76,5.23,6.15,16.6,1.98,0.01,-1.36,14.45,13.96,0,164.78,0,0.01,6.16,84.17,86.95,4210,4230.5,49.5,12,40,18.2,63.68,126.92,126.16,42.39,0,0,0,18.1,-0.96,66.62,1.2,0,10,63.21,23.99,100,55.66,67.61,246.54,7.59,172.66,35,3995.2,3979.5
54.17,0,19.34,41.08,1.54,165.49,26.98,5.71,6.15,16.13,1.97,0.01,-1.27,14.42,14.01,0.02,164.71,0,0.03,6.16,83.96,86.91,4199.5,4228.2,47.41,12,40,18.18,62.84,126.53,127.46,44.13,0,0,0,17.51,-0.97,66.61,1.22,0,10,64.09,14.15,100,55.37,67.3,246.45,7.64,172.89,35,3997.4,4020.8
54.2,0,19.49,41.85,5.57,165.39,30.2,20.78,6.16,16.19,1.97,0.01,-1.32,14.4,14.11,0.02,164.62,0,0.05,6.16,83.44,86.81,4182.4,4190.1,39.59,12,40,18.19,62.97,126.5,126.33,42.06,0,0,0,18.45,-0.97,66.57,1.21,0,10,64.12,15.68,100,55.84,67.65,246.73,7.57,172.55,35,4000.2,3986.1
0,54.06,19.51,41.51,5.6,165.17,30.34,20.77,6.12,16.25,1.99,0.01,-1.51,14.4,13.98,0.01,164.44,0,0.04,6.12,83.49,86.45,4176.6,4210.6,39.21,12,40,18.17,64.18,126.19,125.72,41.93,0,0,0,18.66,-0.97,66.69,1.23,0,10,63.24,23.95,100,55.71,67.47,246.77,7.59,172.68,35,4000,3998
53.86,0,19.41,41.53,5.6,165.43,30.36,20.81,6.13,16.43,1.92,0.02,-1.39,14.46,14.09,0.01,164.67,0,0.02,6.14,83.77,87,4190,4234.6,38.41,12,40,18.06,64.12,127.71,128.04,42.67,0,0,0,18.48,-0.97,66.7,1.24,0,10,63.33,20.34,100,55.65,67.65,246.62,7.6,172.67,35,4000.1,4004.8
0,54.13,19.25,40.84,5.68,165.35,30.4,21.06,6.13,16.65,1.99,0.01,-1.32,14.43,13.8,0.03,164.61,0,0.04,6.13,84.52,86.4,4227.2,4239.6,38.06,12,40,18.02,62.25,126.62,125.55,41.85,0,0,0,20.2,-0.97,66.53,1.2,0,10,62.22,45.16,100,55.46,67.53,246.35,7.62,172.84,35,3999.8,3994.2
54.29,0,19.24,41.43,3.57,165.57,28.31,13.32,6.17,16.47,1.99,0,-1.32,14.4,13.87,0.01,164.82,0,0.02,6.18,84.62,86.87,4231.6,4224.8,48.86,12,40,18.07,62.74,126.56,125.41,41.73,0,0,0,18.63,-0.97,66.81,1.17,0,10,62.54,33.97,100,55.43,67.44,246.48,7.63,172.9,35,3998.3,1
54.2,0,19.42,41.43,9.01,164.74,34.31,33.52,6.13,16.42,1.99,0.01,-1.2,14.39,13.83,0.01,164.24,0,0.04,6.14,84.61,86.64,4232.3,4213.7,47.06,12,40,18.07,62.99,126.87,126.07,41.8,0,0,0,0,-0.97,65.99,2.91,0,10,62.28,38.81,100,55.08,67.2,246.44,7.69,172.8,35,3995.3,3944.1
54.35,0,19.16,41.43,9.25,165.51,34.84,34.32,6.13,16.73,1.99,0,-1.43,14.45,13.88,0.02,164.77,0,0.04,6.13,84.59,86.2,4230.7,4193.9,45.72,12,40,17.94,63.27,126.09,125.57,41.62,0,0,0,18.87,-0.97,66.09,3.12,0,10,62.46,40.88,100,55.11,66.95,246.29,7.68,172.05,35,4000.1,3994.1
54.19,0,19.25,40.79,5.66,165.46,30.28,21.1,6.16,16.41,1.98,0.01,-1.35,14.45,13.84,0.01,164.7,0,0.02,6.16,84.57,86.65,4229.5,4216.4,47.51,12,40,17.99,62.08,126.62,125.51,41.8,0,0,0,19,-0.96,66.02,2.82,0,10,62.4,37.95,100,55.06,67.2,246.6,7.7,172.7,35,4000.1,4026.3
54.11,0,19.2,41.45,7.93,165.24,33.42,29.43,6.11,16.36,2,0,-1.4,14.46,13.99,0.01,164.67,0,0.04,6.12,84.04,86.63,4203.4,4215.9,45.36,12,40,17.93,63.53,126.27,125.9,41.73,0,0,0,18.83,-0.97,66.33,3.55,0,10,62.4,38.39,100,55.61,67.31,246.59,7.6,171.9,35,3998.3,4004.8
0,54.28,19.01,41.24,5.82,164.93,30.32,21.59,6.11,16.74,2,0.01,-1.41,14.36,13.79,0,164.2,0,0,6.11,84.16,86.09,4209.2,4186.9,48.45,12,40,18.07,63.23,126.74,125.76,41.83,0,0,0,19.79,-0.96,66.66,1.25,0,10,62.27,44.49,100,55.59,67.56,246.52,7.6,172.78,35,3999.7,3999.8
54.72,0,19.29,41.58,5.62,165.54,30.36,20.89,6.13,16.75,1.94,0.01,-1.38,14.46,14.1,0,164.79,0,0.01,6.14,83.93,86.91,4205.8,4194.4,48.6,12,40,18.24,62.2,125.96,125.23,41.6,0,0,0,19.06,-0.96,66.6,1.22,0,10,62.94,28.95,100,55.61,67.22,246.38,7.6,172.75,35,3999.5,3983.1
0,53.93,19.33,41.44,5.75,165.44,30.46,21.3,6.12,16.6,2,0.01,-1.3,14.48,14,0.01,164.69,0,0.02,6.12,83.73,85.79,4187.5,4207.5,48.62,12,40,18.16,63.52,126.67,125.59,41.84,0,0,0,18.99,-0.97,66.56,1.23,0,10,62.47,37.58,100,55.93,67.75,246.67,7.55,172.54,35,4000.1,3995.2
0,54.1,19.39,41.54,6.74,165.46,31.42,25.03,6.13,16.4,2,0,-1.35,14.44,13.94,0.01,164.72,0,0.03,6.14,84,86.36,4201.5,4200.4,48.31,12,40,18.28,62.77,126.69,125.68,41.81,0,0,0,19.41,-0.96,66.52,1.18,0,10,62.25,41.5,100,55.33,67.37,246.38,7.64,172.97,35,3996.2,3996.9
