0.4,109.93,9.9,1.51,126.27,1.52,126.76,42.74,35.55,4348.79,27.06,31.42,203.66,31.84,0,12.64,3.98,18.33,127.3,127.33,61.36,591.52,4500.06,66.07,12.03,84.12,11.97,-19,37.06,27,43.95,70.95,1.65,67.65,15.6,83.25,15.35,1.4,5.215
0.4,110,9.93,1.61,127.55,1.61,128.08,43.2,33.8,4207.56,27.27,31.58,204.67,32.52,539.99,12.66,3.95,18.59,128.51,128.52,64.76,608.74,4500.38,66.82,11.98,86.77,11.99,-19.9,37.16,28.25,46.35,74.6,1.35,64.55,18.5,83.05,15.75,1.2,5.1
0.4,109.84,9.87,1.6,127.47,1.61,127.92,43.18,33.59,4255.82,27.11,31.42,204.75,32.59,539.99,12.67,3.95,18.6,128.4,128.42,64.84,604.65,4500.1,66.88,12,86.36,11.99,-19.29,37.15,25.7,47.8,73.5,1.7,64.45,18,82.45,16.3,1.25,5.0575
0.4,109.94,9.86,1.64,127.97,1.64,128.43,43.26,33.79,4289.72,27.4,31.72,204.84,32.59,540.03,12.63,3.95,18.59,128.86,128.88,64.87,605.67,4494.09,66.96,11.99,86.76,12,-19.46,37.17,26.2,47.85,74.05,1.55,62.4,18.25,80.65,17.7,1.65,5.1725
0.4,109.96,9.92,1.64,127.92,1.64,128.3,43.48,33.61,4202.5,27.4,31.65,205.18,32.24,540.02,12.79,3.94,18.54,128.86,128.88,64.41,603.73,4499.29,66.72,12.03,86.69,12.01,-19.44,37.26,31.45,42.6,74.05,1.6,65.9,17.15,83.05,15.7,1.25,5.1625
0.4,110,9.92,1.66,128.16,1.66,128.62,43.59,33.83,4268.66,27.53,31.82,205.26,32.32,539.99,12.77,3.94,18.58,129.11,129.12,64.64,609.15,4500.2,66.93,12.05,86.9,12.02,-19.77,37.28,31.05,42.7,73.75,1.25,64.2,17.65,81.85,16.75,1.4,5.1675
0.4,109.89,9.92,1.63,127.82,1.63,128.35,43.28,33.58,4357.35,27.13,31.48,205.24,32.37,540,12.82,3.94,18.58,128.77,128.78,64.81,604.35,4500.03,66.86,12.04,86.24,12.01,-19.3,37.24,31.15,41.9,73.05,1.65,62.85,18.6,81.45,17,1.55,5.075
0.4,110,9.87,1.57,127.02,1.57,127.53,43.25,33.81,4256.46,27.2,31.5,205.37,32.55,540,12.66,3.93,18.48,128.02,128.02,64.86,603.06,4500.31,66.67,11.98,85.85,12.01,-19.85,37.24,28.35,47.4,75.75,1.35,64.45,18.85,83.3,15.6,1.1,5.075
0.4,109.98,9.87,1.6,127.46,1.6,127.94,43.26,33.73,4334.14,27.27,31.54,205.38,32.53,540.01,12.64,3.93,18.48,128.41,128.44,64.69,601.27,4499.97,66.81,12.01,86.52,12.01,-19.64,37.25,26.55,46.5,73.05,1.7,62.65,18.65,81.3,17.25,1.45,5.0375
0.4,109.87,9.89,1.6,127.51,1.61,127.99,43.15,33.56,4284.16,27.13,31.37,204.89,32.54,539.99,12.73,3.95,18.58,128.42,128.45,64.88,603.89,4500.25,66.69,12,86.61,12,-19.16,37.08,28.85,45.25,74.1,1.15,64.3,17.6,81.9,16.55,1.55,5.115
0.4,110,9.93,1.58,127.26,1.59,127.78,43,33.79,4337.92,27.13,31.4,204.85,32.19,539.99,12.7,3.95,18.47,128.21,128.23,64.63,601.86,4499.99,66.79,12.02,86.87,12,-19.68,37.14,27.5,45.8,73.3,1.35,63,19.45,82.45,16.25,1.3,5.04
0.4,109.96,9.86,1.67,128.42,1.68,128.88,43.16,33.71,4297.57,27.51,31.8,204.77,32.64,540,12.73,3.95,18.56,129.31,0,64.92,604.72,4499.99,66.96,12.04,87,12.02,-19.58,37.14,30.8,44.65,75.45,1.5,64.05,17.75,81.8,16.7,1.5,5.2875
0.4,109.89,9.93,1.61,127.57,1.61,128.01,43.1,33.67,4217.29,27.21,31.54,205.01,32.08,539.99,12.81,3.94,18.5,128.47,128.49,64.23,599.69,4500.12,66.6,12.06,86.8,12.01,-19.43,37.24,26.95,46.5,73.45,1.6,65.25,18.3,83.55,15.35,1.1,5.105
0.4,110,9.93,1.61,127.63,1.61,128.15,43.09,33.77,4307.61,27.25,31.53,205,32.32,539.98,12.77,3.94,18.43,128.56,128.57,64.7,599.72,4500.05,66.8,12.03,86.93,12.02,-19.48,37.25,25.2,47.4,72.6,1.85,64.25,17.9,82.15,16.45,1.4,4.96
0.4,109.86,9.9,1.77,129.62,1.78,130.05,42.85,33.54,4235.27,27.85,32.13,208.14,32.16,539.99,12.87,3.86,18.62,130.48,130.51,65.03,605.88,4500.02,66.8,12.08,86.81,12.04,-19.32,37.69,30.9,42.95,73.85,1.3,66.15,16.7,82.85,15.85,1.3,5.315
0.4,109.98,9.92,1.76,129.54,1.77,130.01,42.9,33.67,4327.75,27.79,32.03,208.44,32.51,539.98,12.81,3.86,18.62,130.42,130.43,65.32,608.44,4497.46,66.97,12.04,87.04,12.03,-19.49,37.73,30.7,44.9,75.6,1.2,66.6,16.75,83.35,15.5,1.15,5.19
0.4,109.98,9.85,1.73,129.31,1.73,129.71,42.63,33.69,4265.99,27.73,31.88,205.21,32.53,539.99,12.75,3.94,18.53,130.04,130.06,65.14,603.6,4497.41,66.91,12.04,85.67,12.02,-19.64,37.26,31.25,43.25,74.5,1.6,61.4,19.25,80.65,17.6,1.75,5.155
0.4,109.87,9.84,1.68,128.6,1.68,129.04,42.47,33.59,4288.37,27.45,31.78,204.92,32.27,539.98,12.79,3.95,18.46,129.36,129.41,64.64,597.08,4499.98,66.59,12.05,86.66,12,-19.22,37.17,23.75,49.1,72.85,1.7,63.15,19.25,82.4,16.15,1.45,5.1425
0.4,110,9.84,1.61,127.75,1.61,128.15,42.59,33.79,4235.55,27.33,31.6,204.4,32.14,540,12.67,3.96,18.37,128.54,128.55,65.07,596.25,4499.98,66.69,12.01,86.66,12.02,-19.55,37.16,25,48,73,1.8,61,20.3,81.3,17.5,1.2,4.985
0.4,109.85,9.91,1.65,128.19,1.65,128.64,42.68,33.46,4295.06,27.16,31.42,204.42,32.33,540,12.69,3.96,18.38,129.01,129.03,64.94,593.01,4500.18,66.74,12,85.71,12.02,-19.18,37.13,25.8,49.1,74.9,1.3,63.4,19.9,83.3,15.5,1.2,4.9625
0.4,109.98,9.84,1.82,130.45,1.83,130.87,42.67,33.56,4335.78,28.08,32.27,205.24,32.22,540.01,12.95,3.94,18.74,131.21,131.23,65.48,608.32,4499.95,66.97,12.11,85.23,12.11,-19.83,37.23,26.8,43.3,70.1,2.1,67,16.7,83.7,14.9,1.4,5.155
0.4,109.85,9.84,1.83,130.37,1.83,130.72,42.68,33.52,4375.12,27.95,32.19,205.27,32.2,540.01,12.84,3.94,18.67,131.11,131.14,65.51,608.15,4499.99,66.8,12.06,85.73,12.04,-19.25,37.24,31,42.5,73.5,1.7,64.4,18.6,83,15.8,1.2,5.055
0.4,110,9.82,1.83,130.46,1.83,130.74,42.57,33.89,4270.64,28.35,32.68,204.82,31.96,539.99,12.58,3.95,18.64,131.23,131.23,65.13,612.46,4500.01,66.89,12.04,86.45,12.03,-19.65,37.23,29.2,44.7,73.9,1.5,59.8,21.4,81.2,17.5,1.3,5.07
0.4,109.87,9.87,1.96,131.9,1.96,132.34,42.74,33.14,4291.97,28.98,32.21,205,32.49,539.97,12.63,3.94,18.74,132.71,132.72,65.47,612.02,4499.99,67.13,12.02,85.72,12.04,-19.16,37.22,31.5,43.3,74.8,1.6,65.6,17.5,83.1,15.2,1.7,5.02
0.4,110,9.89,2,132.4,2.01,132.81,42.8,33.3,4323.14,29.22,32.51,205,32.48,540,12.69,3.94,18.8,133.21,133.23,65.53,619.54,4500.14,67.35,12,86.07,12.05,-19.55,37.21,33,44.2,77.2,1.1,65.6,16.7,82.3,16.5,1.2,5.005
0.4,110,9.83,1.92,131.39,1.92,131.81,42.82,33.41,4226.71,29.07,32.33,205.06,32.33,540,12.69,3.94,18.71,132.25,132.25,65.39,615.17,4498.03,67.11,12.01,86.61,12.04,-19.83,37.23,27.3,46.5,73.8,1.4,60.4,20.8,81.2,17.6,1.2,5.105
0.4,109.99,9.82,1.91,131.32,1.91,131.63,42.72,33.4,4266.88,29.08,32.45,204.95,32.21,539.99,12.73,3.94,18.7,132.14,132.15,65.31,613.33,4500.07,66.91,12.02,86.46,12.03,-19.6,37.22,30.4,45.6,76,1.5,68.8,15,83.8,15.2,1,5.185
0.4,110,9.83,1.9,131.22,1.9,131.61,42.74,33.45,4313.14,29.06,32.36,204.95,32.4,539.99,12.75,3.94,18.67,132.05,132.07,65.54,613.94,4500.01,67.07,12.03,86.59,12.03,-19.65,37.23,22.4,49.6,72,2.1,63.5,17.9,81.4,17.5,1.1,5.07
0.4,110,9.85,1.91,131.26,1.91,131.66,42.76,33.32,4369.16,29.01,32.31,204.93,32.51,540,12.82,3.95,18.75,132.11,132.12,65.32,616.9,4499.97,67.2,11.99,85.41,12.03,-19.79,37.19,25.8,46.3,72.1,2.2,61.2,19.5,80.7,17.9,1.4,5.0175
0.4,109.98,9.85,1.84,130.46,1.84,130.88,42.81,33.24,4282.27,28.69,31.94,204.94,32.63,539.99,12.77,3.94,18.62,131.3,131.33,65.26,608.81,4497.99,66.97,12,85.94,12.02,-19.79,37.21,33.2,45.1,78.3,0.9,61.2,19.1,80.3,18.3,1.4,5.03
0.4,109.99,9.83,1.87,130.85,1.87,131.25,42.81,33.32,4324.47,28.83,32.13,205,32.67,540,12.75,3.94,18.68,131.69,131.7,65.72,612.81,4499.97,67.06,11.99,85.68,12.03,-19.72,37.19,25,48,73,1.5,64.5,18.2,82.7,16,1.3,5.02
0.4,110,9.91,1.92,131.42,1.92,131.8,42.73,33.23,4372.1,28.93,32.22,205.01,32.6,540,12.7,3.94,18.68,132.26,132.28,65.49,613.4,4500.03,67.08,12,86.13,12.03,-19.82,37.24,30.5,44,74.5,1.6,61.3,20.3,81.6,17.2,1.2,5.0925
0.4,110,9.82,1.88,130.95,1.88,131.26,42.7,33.42,4274.98,29.04,32.38,204.91,32.34,539.99,12.72,3.95,18.64,131.79,131.8,65.14,610.71,4500.03,66.96,12,86.5,12.03,-19.63,37.23,35,42.2,77.2,1.4,65.1,16.7,81.8,17,1.2,5.0875
0.4,109.96,9.82,1.94,131.68,1.94,132.11,42.72,33.34,4255.83,29.03,32.27,204.99,32.52,539.98,12.64,3.94,18.69,132.5,132.51,65.5,611.12,4500.3,67.18,12.01,86.54,12.04,-19.6,37.25,35.7,40.3,76,1.7,64.6,18.3,82.9,15.9,1.4,5.035
0.4,110,9.83,1.96,131.91,1.97,132.33,42.7,33.45,4361.55,29.19,32.47,204.95,32.46,539.99,12.73,3.94,18.79,132.75,132.76,65.41,619.1,4499.95,67.36,12.03,85.41,12.04,-19.71,37.23,28.3,44.8,73.1,1.9,69.4,15.5,84.9,14.1,1,5.005
0.4,109.99,9.83,1.91,131.33,1.91,131.78,42.75,33.35,4288.63,28.96,32.19,204.89,32.44,540,12.59,3.95,18.69,132.15,132.17,65.37,612.48,4499.88,67.02,12.01,85.9,12.04,-19.7,37.26,26,48.1,74.1,1.6,61.7,20.4,82.1,17,0.9,4.985
0.4,110,9.82,1.89,131.1,1.89,131.51,42.75,33.49,4292.08,29,32.29,204.87,32.46,540,12.67,3.95,18.68,131.94,131.94,65.4,614.21,4500.5,67.06,12,85.85,12.03,-19.76,37.18,33.3,43.3,76.6,1.2,63.8,19.1,82.9,16.1,1,4.94
0.4,110,9.87,1.82,130.24,1.82,130.68,42.78,33.36,4277.9,28.68,31.94,204.62,32.5,539.98,12.69,3.95,18.6,131.07,131.08,65.3,610.3,4496.59,66.87,11.96,86.19,12.01,-19.7,37.19,23.3,47.7,71,2.2,60,20.5,80.5,18,1.5,4.9725
0.4,109.99,9.87,1.92,131.4,1.92,131.42,42.65,33.85,4253.72,28.61,32.85,205.68,31.77,540,12.78,3.93,18.78,132.21,132.22,63.89,617.85,4500.11,67.07,12.14,86.56,12.03,-19.48,37.34,29.7,46.5,76.2,1.6,70.6,14.3,84.9,13.8,1.3,5.265
0.4,109.97,9.87,1.9,131.23,1.91,131.57,42.68,33.76,4255.66,28.45,32.59,205.86,31.87,540.01,12.84,3.92,18.73,132.05,132.06,63.85,614.36,4500.34,67.2,12.08,86.53,12.01,-19.57,37.37,29.7,44.8,74.5,1.6,68.7,15.8,84.5,14.1,1.4,5.2625
0.4,109.94,9.87,1.97,132.01,1.98,132.34,42.78,33.67,4339.89,28.71,32.87,205.79,31.93,540.01,12.8,3.92,18.81,132.85,132.88,64.1,617.65,4500,67.34,12.06,85.52,12.03,-19.54,37.31,27.7,46.3,74,1.7,65.8,18,83.8,14.9,1.3,4.985
0.4,109.89,9.89,1.84,130.41,1.84,0,42.79,33.61,4252.15,28.17,32.31,205.83,31.96,540,12.75,3.92,18.7,131.27,131.3,63.75,610.57,4499.27,67.07,12.05,86.19,12.04,-19.42,37.3,23.5,47.8,71.3,2,65.4,17.6,83,15.7,1.3,5.0675
0.4,109.9,9.9,1.81,130.06,1.81,130.47,42.9,33.65,4307.72,28.14,32.29,205.72,31.86,540,12.81,3.92,18.69,130.93,130.95,63.63,610.85,4499.96,66.98,12.07,85.92,12.03,-19.45,37.25,27.8,46,73.8,1.8,65.5,18.3,83.8,14.9,1.3,5.1025
0.4,109.94,9.91,1.83,130.28,1.83,130.69,42.92,33.65,4346.04,28.2,32.37,205.81,31.72,539.99,12.87,3.92,18.68,131.14,131.16,63.37,610.86,4500.08,67,12.09,86.29,12.02,-19.43,37.29,27.7,47.1,74.8,1.5,68.3,16.6,84.9,13.9,1.2,5.1375
0.4,110,9.85,1.87,130.85,1.87,131.02,42.62,33.95,4255.66,28.66,32.97,205.47,32.01,540,12.82,3.93,18.73,131.69,131.7,64.04,616.92,4500.12,66.64,12.07,86.66,12.02,-19.52,37.18,30.1,45.3,75.4,1.5,67.8,16.8,84.6,14.3,1.1,5.2725
0.4,109.91,9.81,1.9,131.14,1.9,131.57,42.71,33.82,4279.62,28.6,32.78,205.6,32.24,540,12.71,3.93,18.75,131.95,131.97,64.12,613.22,4500.12,67.08,12.04,86.62,12.02,-19.31,37.22,25.8,48.1,73.9,1.6,66.2,17.3,83.5,15.1,1.4,5.2225
0.4,109.94,9.86,1.68,128.6,1.68,128.94,42.57,33.88,4288.76,28,32.13,205.54,31.85,540.03,12.78,3.93,18.56,129.39,129.42,64.22,604.52,4500.02,67,12.01,86.67,12,-19.4,37.15,22.2,49,71.2,2.1,61.6,20.2,81.8,16.4,1.8,5.345
0.4,110,9.83,1.76,129.57,1.76,129.87,42.81,33.91,4352.97,28.47,32.61,205.53,32.17,540,12.78,3.93,18.67,130.38,130.39,64.52,613.06,4500.12,67.1,12.01,85.85,12.02,-19.7,37.13,28,44.7,72.7,2,66.1,18.3,84.4,14.3,1.3,5.2175
0.4,109.89,9.9,1.77,129.69,1.78,129.97,42.68,33.36,4307.96,28.16,32.3,205.44,32.54,540,12.74,3.93,18.67,130.49,130.52,64.37,608.76,4500.11,66.92,11.97,86.31,12.01,-19.44,37.12,32.8,41.7,74.5,1.4,61.7,19.9,81.6,16.9,1.5,5.131666667
0.4,110,10.04,1.59,127.4,1.59,127.8,42.84,28.88,4309.35,27.52,31.53,204.71,32.34,539.98,12.76,3.95,18.4,128.26,128.27,64.29,598.48,4500.04,66.37,11.97,86.41,11.99,-19.72,37.05,30.3,44.2,74.5,1.4,66,17.8,83.8,14.9,1.3,5.486666667
0.4,109.86,9.86,1.64,128.08,1.65,128.59,42.71,33.35,4217.79,27.88,32.03,204.76,31.91,540.02,12.8,3.95,18.47,128.91,128.97,64.13,597.99,4500.39,66.25,12.03,86.65,12,-19.08,37.04,24.7,49.2,73.9,1.5,68.1,16.9,85,13.6,1.2,5.521666667
0.4,110,9.86,1.67,128.48,1.68,128.87,42.7,33.5,4294.23,28.07,32.17,204.88,32.36,539.99,12.75,3.95,18.5,129.33,129.34,64.49,604.78,4500.03,66.39,11.99,86.81,12.01,-19.61,37.07,27.6,46.2,73.8,1.2,66.7,17.4,84.1,14.5,1.4,5.395
0.4,110,9.86,1.65,128.08,1.65,128.49,42.79,33.52,4298.11,27.95,32.03,204.83,32.32,539.98,12.76,3.95,18.49,128.97,128.99,64.6,603.88,4500.01,66.58,11.98,85.74,12,-19.74,37.04,25,47.5,72.5,1.6,69.5,16.1,85.6,13.2,1.2,5.443333333
0.4,109.91,9.89,1.71,128.95,1.72,129.33,42.91,33.35,4341.41,28.04,32.07,204.7,32.13,539.98,12.73,3.95,18.57,129.78,129.81,64.38,604.54,4500.13,66.6,12,86.59,12.01,-19.16,37.06,28.1,46.5,74.6,1.5,65.5,17.8,83.3,15.4,1.3,5.228333333
0.4,109.87,9.87,1.77,129.62,1.77,130.08,42.92,32.72,4256.45,28.22,32.3,205.16,32.25,540,12.7,3.94,18.67,130.42,130.45,64.33,609.04,4500.14,66.66,12.01,86.69,12.02,-19.22,0,25.6,46.9,72.5,1.8,65.5,18,83.5,15.2,1.3,5.37
0.4,109.99,9.87,1.74,129.3,1.74,129.74,42.92,33.15,4300.47,28.24,32.32,205.31,32.45,540.01,12.68,3.94,18.61,130.13,130.14,64.61,608.81,4499.96,66.65,11.98,85.87,12.02,-19.7,37.08,28.6,44.2,72.8,1.4,61.3,20,81.3,17.1,1.6,5.285
0.4,110,9.9,1.78,129.75,1.78,130.18,42.88,33.37,4353.02,28.42,32.49,205.4,32.13,540,12.72,3.93,18.65,130.58,130.59,64.47,611.9,4497.98,67.12,12,86.17,12.01,-19.77,37.11,28.3,47.3,75.6,1.2,62.1,19.7,81.8,16.8,1.4,5.218333333
0.4,109.99,9.82,1.83,130.39,1.83,130.71,42.69,33.8,4306.93,28.69,32.85,205.25,32,540.01,12.72,3.94,18.75,131.17,131.18,64.67,616.17,4500,67.03,12.04,86.52,12.03,-19.62,37.1,32.5,42.2,74.7,1.6,68.7,16.1,84.8,14,1.2,5.566666667
0.4,109.99,10,1.74,129.32,1.74,129.49,42.91,28.71,4244.15,28.02,32.09,205.24,32.28,540.01,12.79,3.94,18.63,130.16,130.18,64.64,609.07,4500.26,67.07,12,86.82,12.02,-19.65,37.1,26.4,47,73.4,1.7,65.5,17.8,83.3,15.3,1.4,5.451666667
0.4,109.92,10.08,1.71,128.87,1.71,129.26,42.89,28.05,4322.89,27.68,31.72,204.96,32.36,540,12.75,3.94,18.6,129.7,129.73,64.31,604.95,4499.96,66.98,11.97,85.78,12.01,-19.5,37.01,26.5,45.4,71.9,2,66.6,17.9,84.5,14.2,1.3,5.346666667
0.4,109.87,10.05,1.79,129.86,1.79,130.26,42.88,28.27,4336.98,28.03,32.04,205.09,32.42,539.99,12.8,3.94,18.7,130.65,130.68,64.76,610.33,4500.06,67.01,11.99,86.12,12.02,-19.29,37.05,31.1,44.7,75.8,1.3,64,19.5,83.5,15.2,1.3,5.176666667
0.4,109.87,10,1.74,129.34,1.75,129.76,42.87,28.66,4285.19,27.94,31.96,204.96,32.45,539.98,12.8,3.94,18.68,130.11,130.15,64.62,608.93,4500.04,67.13,12,86.02,12.01,-19.48,37.05,22.4,49.8,72.2,1.7,66,18.5,84.5,14.1,1.4,5.303333333
0.4,109.92,10.06,1.74,129.31,1.74,129.71,42.74,28.58,4339.65,27.81,31.86,205.16,32.22,540,12.82,3.94,18.67,130.07,130.1,64.38,608.62,4498.25,67.19,12.01,86.58,11.99,-19.2,37.08,31.6,43.6,75.2,1.3,66.4,18.1,84.5,14.4,1.1,5.3
0.4,109.98,9.85,1.76,129.6,1.76,129.8,42.56,33.44,4286.09,28.43,32.57,204.96,31.96,540,12.76,3.94,18.68,130.36,130.37,64.4,611.35,4498.82,66.72,12.03,86.84,12.01,-19.52,37.14,33.4,40,73.4,1.8,65.7,17.8,83.5,15.3,1.2,5.368333333
0.4,109.99,9.85,1.75,129.48,1.76,129.67,42.78,33.29,4330.15,28.3,32.39,204.99,32.13,540,12.8,3.94,18.65,130.29,130.31,64.54,610.72,4500.47,67.06,12.03,86.88,12.01,-19.76,37.15,25.3,47.3,72.6,1.7,63.4,18.7,82.1,16.4,1.5,5.316666667
0.4,109.98,9.85,1.75,129.44,1.75,129.84,42.87,33.36,4290.27,28.32,32.36,204.95,32.63,540,12.71,3.94,18.62,130.22,130.23,64.84,608.66,4496.95,67,11.98,86.34,12.02,-19.59,37.11,30.1,43.6,73.7,1.5,62.8,19,81.8,16.7,1.5,5.243333333
0.4,109.99,10.04,1.85,130.67,1.85,131.02,42.94,28.67,4371.09,28.41,32.43,204.92,32.53,540,12.68,3.95,18.71,131.42,131.45,65.07,612.7,4494.26,67.11,11.99,86.73,12.04,-19.7,37.11,27.3,45.7,73,1.6,66.5,17.5,84,14.7,1.3,5.205
0.4,109.95,9.84,1.79,130,1.8,130.16,42.73,33.34,4265.68,28.56,32.69,204.9,31.95,539.98,12.72,3.95,18.68,130.76,130.78,64.55,610.52,4497.83,66.63,12.02,86.59,12.03,-19.56,37.08,26.3,45.5,71.8,1.7,63.3,19.3,82.6,16,1.4,5.491666667
0.4,110,10.01,1.81,130.19,1.81,130.56,42.83,28.57,4362.56,28.36,32.42,205.26,32.39,540,12.66,3.94,18.71,131,131.01,64.52,614.72,4496.21,67.05,11.99,86.53,12.03,-19.69,37.12,26.2,47.7,73.9,1.3,65.3,18.7,84,15,1,5.11
0.4,109.96,9.85,1.81,130.16,1.81,130.09,42.69,32.8,4240.66,28.58,32.75,205.16,32.04,539.99,12.74,3.94,18.69,130.95,130.97,64.6,611.46,4499.77,66.63,12.04,86.75,12.02,-19.43,37.12,32.5,40.5,73,1.7,67.8,16.1,83.9,14.7,1.4,5.45
0.4,110,9.86,1.8,130.01,1.8,130.41,42.92,32.88,4324.62,28.55,32.63,205.25,32.32,540.01,12.71,3.94,18.66,130.81,130.82,64.58,612.83,4500.02,66.9,11.99,86.93,12.03,-19.74,37.15,24.6,48.7,73.3,1.9,67.7,15.3,83,15.3,1.7,5.373333333
0.4,109.99,9.99,1.79,129.9,1.79,130.31,42.88,28.76,4331.48,28.24,32.31,205.21,32.57,540,12.75,3.94,18.68,130.7,130.71,64.64,612.54,4500.21,67.03,12,85.93,12.02,-19.69,37.13,27,44.2,71.2,1.7,65.8,17.3,83.1,15.5,1.4,5.288333333
0.4,110,9.85,1.85,130.67,1.85,131.08,42.83,33.03,4326.41,28.75,32.82,205.18,32.53,540.01,12.79,3.94,18.77,131.43,131.44,64.92,618.15,4499.98,66.91,12.01,86.27,12.03,-19.58,37.12,26.1,47.7,73.8,1.8,63.9,19,82.9,15.8,1.3,5.155
0.4,110.06,10.05,1.78,129.84,1.78,130.23,42.83,29.09,4347.89,28.19,32.26,205.33,32.66,540,12.68,3.93,18.63,130.6,130.61,64.54,611.1,4499.99,66.9,11.98,86.71,12.03,-19.87,37.15,30.7,43.6,74.3,1.1,63.7,18.7,82.4,16.1,1.5,5.115
0.4,109.98,10,1.75,129.38,1.75,129.81,42.89,28.47,4253.65,28.03,32.06,204.86,32.41,539.99,12.74,3.95,18.59,130.21,130.23,64.3,606.58,4500.15,66.73,11.99,86.98,12.02,-20.1,37.16,25.2,49.3,74.5,1.5,64.8,18.7,83.5,15.1,1.4,5.2
0.4,109.98,9.87,1.8,130.03,1.8,130.44,42.84,32.65,4276.57,28.45,32.51,204.82,32.48,539.99,12.72,3.95,18.66,130.88,130.88,64.41,610.85,4492.59,66.86,11.98,86.01,12.03,-20.01,37.09,24.8,47.5,72.3,1.7,65.1,18.5,83.6,15,1.4,5.093333333
0.4,110,10.01,1.74,129.24,1.74,129.69,42.85,28.23,4320.03,28.07,32.12,204.85,32.66,540,12.75,3.95,18.57,130.12,130.13,64.41,608.42,4500.97,66.77,11.97,86.35,12.02,-20.3,37.1,23.3,48.6,71.9,1.9,66.2,17.8,84,14.7,1.3,5.156666667
0.4,109.95,10,1.77,129.6,1.77,130.03,42.85,28.17,4275.08,28.02,32.07,204.8,32.65,540,12.73,3.95,18.66,130.42,130.43,64.56,609.5,4500,66.76,11.98,86.15,12.02,-20.06,37.07,28.4,45.5,73.9,1.7,66.6,17.8,84.4,14.3,1.3,5.283333333
0.4,109.96,10.01,1.8,130.02,1.8,130.42,42.81,28.25,4353.29,28.2,32.22,204.84,32.39,540,12.7,3.95,18.66,130.82,130.85,64.47,609.92,4500.17,66.81,12,86.66,12.02,-20.13,37.09,25.6,48.5,74.1,1.4,69.3,16.3,85.6,13.3,1.1,5.285
0.4,110,9.84,1.72,129.1,1.72,128.85,42.76,33.5,4233.71,28.36,32.52,204.92,31.73,539.99,12.75,3.95,18.65,129.92,129.93,64.51,612.31,4500.07,66.5,12.04,86.81,12.01,-19.73,37.17,21.3,48.3,69.6,1.9,60.4,21.2,81.6,16.8,1.6,5.313333333
0.4,109.95,9.86,1.71,128.92,1.71,129.18,42.76,33.27,4288.43,28.09,32.13,204.97,32.03,540.01,12.95,3.94,18.64,129.72,129.74,64.71,608.76,4499.99,66.45,12.02,87.22,12,-19.47,37.15,34.6,40.9,75.5,1.4,65.7,18.9,84.6,14.4,1,5.343333333
0.4,109.92,10.11,1.66,128.27,1.66,128.46,42.81,28.37,4310.35,27.44,31.43,205.1,32.32,539.98,12.95,3.94,18.6,129.13,129.16,64.49,605.47,4499.99,66.5,11.98,86.7,11.99,-19.53,37.14,29.5,44.2,73.7,1.6,62.4,20.2,82.6,16,1.4,5.28
0.4,109.91,10,1.75,129.38,1.75,129.65,42.8,28.57,4308.88,27.97,31.97,205.1,32.44,539.99,12.95,3.94,18.71,130.18,130.21,64.55,611.62,4500.15,66.62,12,87.11,12.01,-19.4,37.12,23.6,50.1,73.7,1.8,65.8,18,83.8,14.6,1.6,5.583333333
0.4,109.86,9.87,1.68,128.64,1.68,128.84,42.79,32.74,4222.01,27.98,32.07,204.66,31.8,539.99,12.91,3.95,18.57,129.37,129.39,64.41,603.17,4500.08,66.46,12.04,86.92,12.01,-19.33,37.06,36,41.5,77.5,1.2,61.7,20,81.7,16.5,1.8,5.33
0.4,110,9.88,1.67,128.52,1.67,128.8,42.83,32.67,4297.38,28.03,32.06,204.72,32.02,539.99,12.89,3.95,18.56,129.29,129.3,64.37,606.34,4500.02,66.42,12,87.14,12,-19.75,37.08,28.1,45.8,73.9,1.5,64.5,18.8,83.3,15.4,1.3,5.343333333
0.4,109.99,10.07,1.69,128.73,1.69,129.05,42.91,28.24,4328.05,27.78,31.8,204.76,32.24,539.98,12.78,3.95,18.58,129.54,129.54,64.29,607.46,4498.6,66.5,11.98,86.48,12,-19.8,37.1,22.6,47.9,70.5,1.9,67.1,17.4,84.5,14.3,1.2,5.365
0.4,109.99,10.01,1.75,129.49,1.75,129.83,42.91,28.42,4310.14,28.19,32.2,205.23,32.02,540.01,12.78,3.94,18.67,130.28,130.29,64.8,613.87,4500.12,66.86,12.03,86.68,12.02,-19.8,37.09,24.8,49.5,74.3,1.5,63.3,19,82.3,15.9,1.8,5.558333333
0.4,110,9.99,1.71,128.97,1.71,129.16,42.89,28.97,4240.32,28.19,32.28,204.92,31.57,539.99,12.73,3.95,18.59,129.77,129.78,64.38,609.04,4485.71,66.75,12.04,86.78,12.01,-19.56,37.02,27.6,46,73.6,1.3,63,19.3,82.3,16.3,1.4,5.26
0.4,109.99,10.01,1.69,128.71,1.69,129.16,43,28.37,4362.05,27.87,31.87,205.03,31.69,540,12.72,3.94,18.57,129.5,129.53,64.22,606.59,4499.91,67.1,12.02,86.86,12,-19.8,37.02,23.9,48.8,72.7,1.6,66.8,18.2,85,13.7,1.3,5.221666667
0.4,109.98,10.01,1.66,128.35,1.67,128.83,42.97,28.29,4249.06,27.78,31.68,205.26,31.71,540.01,12.76,3.94,18.48,129.15,129.19,64.61,600.97,4495.02,66.91,12.03,86.97,12.03,-19.72,37.17,26.9,44.6,71.5,1.7,67.6,17.6,85.2,13.8,1,5.431666667
0.4,110,10,1.77,129.78,1.78,130.21,42.9,28.38,4361.12,28.31,32.28,205.26,31.78,539.99,12.74,3.94,18.69,130.54,130.55,64.55,613.97,4499.96,67.05,12.04,85.99,12.03,-19.69,37.18,24.8,49.1,73.9,1.7,65.6,18,83.6,15,1.4,5.458333333
0.4,109.91,10,1.72,129.12,1.72,129.54,42.91,28.32,4244.77,27.89,31.83,205.39,31.85,540.01,12.77,3.93,18.58,129.85,129.88,64.44,603.27,4500.08,66.83,12.06,86.42,12.02,-19.4,37.2,33.1,43.8,76.9,1.4,67.9,16.6,84.5,14.3,1.2,5.431666667
0.4,109.94,10,1.74,129.42,1.75,129.76,42.87,28.36,4286.81,28.07,32.02,205.12,31.69,540,12.79,3.94,18.64,130.15,130.17,64.66,607.65,4499.99,67,12.03,86.39,12.02,-19.53,37.13,26.8,44.9,71.7,1.8,63.6,18.8,82.4,16.2,1.4,5.338333333
0.4,109.95,9.99,1.87,131,1.87,131.36,42.86,28.39,4296.33,28.5,32.52,205.2,31.84,540.01,12.68,3.94,18.79,131.66,131.68,64.81,615.79,4500.22,67.25,12.05,86.7,12.04,-19.42,37.18,24.7,49.8,74.5,1.7,62.2,18.7,80.9,17.3,1.8,5.52
0.4,109.97,9.81,1.74,129.47,1.75,129.76,42.84,34.03,4202.76,28.61,32.64,206.4,30.61,540.02,12.75,3.91,18.45,130.17,130.19,64.27,599.47,4500.2,66.55,12.13,86.79,12.03,-19.43,37.33,28.2,47.5,75.7,1.2,68.3,16.9,85.2,13.4,1.4,5.53
0.4,109.97,10.04,1.74,129.39,1.74,129.72,42.82,28.69,4244.93,28.07,31.97,206.44,31.27,540.02,12.72,3.91,18.53,130.13,130.15,64.49,602.74,4500.45,66.83,12.08,87.11,12.02,-19.54,37.34,24.7,47.2,71.9,1.7,63.6,19.3,82.9,15.7,1.4,5.555
0.4,109.96,10.03,1.66,128.4,1.68,129.71,42.85,28.82,4228.43,26.92,31.26,205.68,30.8,540,12.75,3.93,18.46,129.09,129.19,64.26,590.7,4497.24,66.48,12.09,86.7,12.07,-19.82,37.26,24.1,47.3,71.4,2.1,65.5,18.5,84,14.6,1.4,5.513333333
0.4,109.98,10.08,1.69,128.8,1.7,129.63,42.66,28.44,4307.87,28,31.69,205.61,31.99,540,12.67,3.93,18.53,129.56,129.58,64.04,603.19,4496.57,66.83,11.97,87.22,12.01,-19.69,37.27,29.2,45.4,74.6,1.6,67.5,17.5,85,13.8,1.2,5.593333333
0.4,109.99,9.96,1.72,129.12,1.72,129.91,42.72,33.46,4364.87,28.32,32.05,205.54,31.84,539.99,12.72,3.93,18.55,129.85,129.87,64.14,605.1,4499.96,66.91,12.03,86.1,12.01,-19.77,37.22,26.2,46.9,73.1,1.9,64.4,18.8,83.2,15.4,1.4,5.41
0.4,109.95,10,1.73,129.37,1.74,130.22,42.8,28.21,4240.87,28.29,31.99,206.03,31.79,540,12.76,3.92,18.62,130.09,130.13,64.78,601.58,4500.4,66.81,12.12,86.72,12.05,-19.65,37.31,24.7,48.7,73.4,1.6,69.4,15.9,85.3,13.6,1.1,5.415
0.4,110,10,1.78,129.82,1.78,130.37,42.84,28.35,4336.86,28.5,32.23,206.09,32.22,540,12.73,3.92,18.62,130.59,130.59,64.66,610.5,4499.97,67.17,12.08,87.26,12.03,-19.87,37.33,30.8,42.6,73.4,1.7,63.7,19.6,83.3,15.5,1.2,5.22
0.4,110,10.04,1.9,130.89,1.9,131.01,42.69,28.9,4345.39,28.54,32.15,206.08,31.86,539.99,12.81,3.92,18.71,132.02,132.02,64.41,614.44,4500,67.21,12.13,86.15,12.07,-19.69,37.36,35.8,41.1,76.9,1.3,64.9,18.1,83,15.6,1.4,5.393333333
0.4,109.99,9.6,1.69,128.77,1.69,129.08,42.7,29,4262.72,28.92,32.68,206.57,31.22,540,12.75,3.9,18.47,129.49,129.5,64.66,600.24,4499.94,66.74,12.1,88.17,12.01,-19.44,37.41,24.6,47.9,72.5,1.6,62.1,20.1,82.2,16.3,1.5,5.361666667
0.4,109.9,10.09,1.67,128.46,1.67,129.11,42.75,27.95,4255.6,27.77,31.44,207.19,31.81,540,12.71,3.89,18.47,129.2,129.23,64.29,597.23,4500.38,66.85,12.05,88.46,12.01,-19.34,37.55,26.2,45.4,71.6,1.7,63.2,19,82.2,16.2,1.6,5.31
0.4,109.97,10.11,1.72,129.1,1.72,129.81,42.92,27.44,4344.69,28.08,31.76,207.15,31.72,540.01,12.78,3.89,18.58,129.83,129.87,64.36,605.48,4500.06,66.95,12.04,87.84,12.01,-19.72,37.5,27,48.4,75.4,1.5,62.6,19.3,81.9,16.4,1.7,5.266666667
0.4,109.98,9.87,1.76,129.68,1.76,130.47,42.7,32.14,4314.77,28.7,32.34,206.64,31.75,539.99,12.83,3.9,18.69,130.39,130.39,64.82,612.18,4496.95,67.02,12.08,88.41,12.02,-19.58,37.42,29.1,42.7,71.8,1.9,66.3,17.7,84,14.8,1.2,5.303333333
0.4,109.99,9.99,1.76,129.52,1.76,130.11,42.84,27.67,4262.86,28.57,32.31,207.21,31.08,540,12.75,3.89,18.61,130.33,130.34,64.73,608.44,4499.99,66.96,12.13,88.16,12.02,-19.64,37.55,22.8,48.2,71,2,63.5,19.8,83.3,15.5,1.2,5.298333333
0.4,109.9,9.98,1.72,129.04,1.72,129.87,42.85,27.93,4275.81,28.22,31.84,207.42,31.7,540.01,12.75,3.88,18.63,129.85,129.88,64.79,606.79,4499.99,66.99,12.08,87.62,12.01,-19.41,37.57,28.3,44.7,73,1.5,66.5,17.8,84.3,14.3,1.4,5.313333333
0.4,110,9.98,1.73,129.21,1.73,130,42.82,28.26,4318.08,0,32.12,207.49,31.61,540,12.76,3.88,18.66,130.02,130.03,64.57,612.26,4500.54,67.01,12.09,88.3,12,-19.58,37.58,27.7,47.1,74.8,1.7,68.5,16.8,85.3,13.5,1.2,5.481666667
0.4,110,9.82,1.73,129.18,1.73,129.58,42.78,33.21,4230.01,28.72,32.48,207.37,31.11,540,12.77,3.88,18.56,129.97,129.98,65.06,606.97,4500.27,66.91,12.12,88.39,12.02,-19.96,37.56,26.1,45.4,71.5,1.4,67.4,17.5,84.9,13.8,1.3,5.331666667
0.4,109.97,9.85,1.74,129.43,1.75,130.18,42.78,32.57,4244.61,28.55,32.25,207.62,32.24,539.99,12.75,3.88,18.68,130.16,130.17,64.64,610.36,4499.96,67.25,12,87.79,12,-19.67,37.62,28.5,45.3,73.8,1.6,68.2,16.8,85,13.7,1.3,5.243333333
0.4,109.97,9.88,1.76,129.59,1.76,130.26,42.83,32.78,4361.41,28.57,32.22,207.03,32.1,540,12.82,3.89,18.68,130.35,130.37,64.31,611.1,4500.04,67.11,12.08,88.46,12.01,-19.63,37.51,28.8,44.2,73,1.6,67.5,16.7,84.2,14.4,1.4,5.265
0.4,109.92,9.89,1.8,130.01,1.8,130.65,42.79,32.69,4245.92,20.77,32.73,205.8,31.15,539.99,12.75,3.92,18.67,130.84,130.86,64.44,609.28,4500.07,66.8,12.16,87.94,12.03,-19.23,37.35,30.4,44.9,75.3,1.3,65,19.7,84.7,14,1.3,5.311666667
0.4,109.99,10.04,1.73,129.13,1.73,129.91,42.69,27.88,4362.54,20.46,31.9,206.62,31.51,540.01,12.85,3.9,18.66,129.96,129.98,64.79,611.18,4499.73,66.73,12.01,88.16,12,-19.76,37.39,27,44.8,71.8,1.7,64.1,18.6,82.7,15.9,1.4,5.178333333
0.4,109.92,10.05,1.67,128.41,1.67,129.02,42.71,27.82,4250.3,20.29,31.79,206.66,30.99,540,12.81,3.9,18.54,129.21,129.24,64.36,601.98,4499.99,66.68,12.01,88.16,12,-19.27,37.44,31.4,43.7,75.1,1.6,65.3,18.8,84.1,14.7,1.2,5.43
0.4,109.99,10.09,1.7,128.89,1.71,129.7,42.7,27.27,4278.1,20.37,31.8,206.82,31.5,540,12.71,3.9,18.58,129.7,129.72,64.49,606.45,4494.78,66.85,11.98,88.33,12.01,-19.69,37.47,27.1,45,72.1,2.1,66.9,17.3,84.2,14.4,1.4,5.293333333
0.4,109.98,10.04,1.81,130.21,1.81,130.94,42.74,27.29,4384.51,20.73,32.26,206.83,31.74,540,12.76,3.9,18.74,130.98,130.99,65.12,615.25,4499.79,67.14,11.99,87.64,12.02,-19.77,37.42,27.9,46,73.9,1.9,65.9,18.9,84.8,14.1,1.1,5.38
0.4,109.94,9.86,1.77,129.71,1.77,130.43,42.52,31.74,4232.96,20.78,32.33,206.97,31.57,539.99,12.68,3.89,18.67,130.45,130.47,64.92,609.71,4500.15,67.15,12,88.32,12.02,-19.5,37.47,24.4,46.9,71.3,1.9,65.3,18.8,84.1,14.8,1.1,5.266666667
0.4,109.98,9.85,1.78,129.84,1.78,130.55,42.72,31.85,4363.78,20.86,32.46,206.98,31.55,539.99,12.68,3.89,18.65,130.57,130.58,64.75,610.17,4499.75,67.05,12,88.81,12.02,-19.54,37.46,25.8,47.4,73.2,1.6,64.9,18.6,83.5,15,1.5,5.155
0.4,110,9.99,1.76,129.62,1.76,130.4,42.74,27.51,4271.01,20.7,32.24,207.13,31.54,540,12.73,3.89,18.67,130.37,130.37,65.05,612.7,4500.06,67.12,12,88.26,12.02,-19.63,37.49,25.4,47.2,72.6,1.8,67.1,17.3,84.4,14.3,1.3,5.266666667
0.4,109.95,9.83,1.73,129.28,1.73,130.05,42.68,32.86,4308.56,20.75,32.28,207.27,31.54,540.01,12.66,3.89,18.58,130.01,130.03,64.82,605.02,4500.12,67.12,11.98,88.68,12.01,-19.46,37.5,30.7,44.7,75.4,1.7,64,18.8,82.8,15.6,1.6,5.176666667
0.4,109.87,9.31,1.9,131.13,1.91,131.8,44.98,36.82,4231.54,19.78,33.14,198.77,31.53,540,12.46,4.11,18.57,132.01,132.04,62.51,602.39,4500.06,67.18,11.97,88.19,12.04,-18.94,36.89,32.2,44.5,76.7,1.5,68.1,16.2,84.3,14.4,1.3,5.076666667
0.4,109.98,9.49,1.86,130.62,1.86,131.43,44.96,31.94,4289.63,19.48,32.7,198.74,31.87,540.01,12.57,4.11,18.53,131.53,131.55,62.59,602.9,4496.58,67.34,11.92,88.54,12.03,-19.42,36.89,32.5,42.2,74.7,1.7,64,17.1,81.1,17.4,1.5,5.096666667
0.4,110,9.53,1.98,132.08,1.98,132.75,45.03,32.39,4365.65,19.76,33.11,198.65,32.11,539.98,12.58,4.11,18.7,132.98,133,63.05,613.6,4500.15,67.5,11.93,87.78,12.03,-19.52,36.87,27.4,47.5,74.9,1.6,67.4,16.4,83.8,15,1.2,5.066666667
0.4,110,9.56,1.89,131.21,1.89,131.87,44.4,32.15,4310.23,19.51,32.7,197.53,32.1,540.02,12.58,4.14,18.66,131.92,131.95,62.99,611.29,4500.05,67.54,11.91,88.48,12.03,-19.49,36.69,26.5,46.3,72.8,2.3,66.6,16.9,83.5,15.2,1.3,5.143333333
0.4,109.99,9.53,1.9,131.21,1.91,131.35,44.48,32.2,4269.97,19.61,32.88,197.51,31.31,539.98,12.53,4.14,18.61,132.06,132.08,62.59,606.42,4497.18,67.31,11.95,88.4,12.04,-19.52,36.72,38.8,37.8,76.6,1.3,67.7,15.8,83.5,15,1.5,5.238333333
0.4,109.88,9.54,1.87,130.85,1.87,131.54,44.42,32.24,4243.32,19.37,32.43,197.28,32.41,540.01,12.59,4.15,18.68,131.65,131.68,63.11,607.94,4500.7,67.37,11.89,88.14,12.03,-19.22,36.67,32.5,42.3,74.8,1.7,64.8,16.9,81.7,16.6,1.7,5.208333333
0.4,109.99,9.41,1.88,130.99,1.88,131.66,44.53,36.85,4331.99,19.65,32.85,197.28,32.36,540.01,12.59,4.15,18.65,131.77,131.81,62.86,609.39,4500.42,67.47,11.87,88.54,12.03,-19.55,36.66,34.7,41.8,76.5,1.7,65.6,17.3,82.9,15.9,1.2,5.066666667
0.4,109.99,9.47,1.92,131.42,1.92,132.08,44.58,32.63,4254.32,19.74,33.02,197.14,31.51,540.01,12.54,4.15,18.6,132.24,132.26,62.71,606.69,4500.34,67.18,11.95,88.3,12.03,-19.46,36.67,27.6,46.5,74.1,1.8,68.6,15.2,83.8,15,1.2,5.49
0.4,107.89,9.47,1.95,131.83,1.96,132.56,44.39,31.99,4311.65,19.8,33.05,197.17,31.53,540.01,12.51,4.15,18.65,132.65,132.66,62.85,609.93,4500,67.33,11.96,88.39,12.04,-19.19,36.68,28.4,45.9,74.3,1.7,70.6,14.4,85,13.6,1.4,5.296666667
0.4,109.94,9.58,1.96,131.83,1.96,132.57,44.53,31.81,4373.78,19.57,32.76,197.19,31.62,540,12.67,4.15,18.69,132.67,132.7,62.95,610.37,4500.05,67.55,11.96,87.58,12.03,-19.3,36.64,30.7,44.6,75.3,1.9,67,15.5,82.5,15.9,1.6,5.155
0.4,109.93,9.47,1.88,130.87,1.88,131.69,44.42,32.48,4299.05,19.5,32.65,197.18,31.79,539.99,12.58,4.15,18.55,131.73,131.75,63.21,602.02,4499.99,67.4,11.95,87.7,12.04,-19.28,36.67,31.4,43.4,74.8,1.5,68.7,15.5,84.2,14.6,1.2,5.098333333
0.4,109.97,9.3,1.98,132.15,1.99,132.94,44.42,37.12,4318.74,20.01,33.32,197.18,31.84,540,12.43,4.15,18.67,132.97,132.99,62.98,609.27,4500.05,67.64,11.95,87.97,12.04,-19.44,36.68,29.5,44,73.5,1.9,62.7,17.9,80.6,18,1.4,5.07
0.4,110,9.54,1.99,132.22,1.99,132.82,44.54,32.52,4241.91,19.9,33.28,194.14,31.79,540,12.54,4.24,18.62,133.06,133.08,62.64,609.87,4500.26,67.36,11.95,88.07,12.03,-19.41,36.13,29,43.8,72.8,1.4,65.9,16.3,82.2,16.4,1.4,5.058333333
0.4,109.96,9.47,1.89,131.03,1.89,131.83,44.5,32.48,4284.79,19.58,32.73,195.56,31.84,540,12.57,4.2,18.59,131.85,131.89,62.81,604.55,4500.03,67.31,11.95,87.43,12.04,-19.35,36.29,37.6,39.5,77.1,1.8,63.6,17.6,81.2,17.2,1.6,5.076666667
0.4,109.97,9.46,2,132.41,2.01,133.21,44.48,32.49,4342.89,19.93,33.2,195.6,31.85,539.99,12.62,4.2,18.73,133.21,133.24,62.84,613.24,4499.98,67.59,11.93,87.92,12.04,-19.53,36.3,29.6,44.8,74.4,1.4,66.4,16.5,82.9,15.8,1.3,5.131666667
0.4,109.94,9.31,1.98,132.18,1.99,132.89,44.64,36.96,4247.14,20.11,33.48,197.5,31.41,540.01,12.43,4.14,18.63,132.98,133,62.42,606.52,4500.02,67.28,11.92,87.86,12.03,-19.18,36.5,31.5,44.1,75.6,1.3,69.2,14.5,83.7,14.9,1.4,5.158333333
0.4,109.95,9.36,1.84,130.32,1.85,131.24,44.75,41.43,4338.54,19.3,32.21,194.56,33,540.02,12.62,4.23,18.59,131.37,131.41,62.61,604.18,4500,67.11,11.87,89.96,12.02,-19.36,36.4,28.3,47.7,76,1.4,67.6,15.6,83.2,15.1,1.3,5.301666667
0.4,109.9,9.34,1.9,131,1.91,131.78,44.81,41.45,4245.14,19.51,32.61,194.76,32.72,540.03,12.54,4.22,18.55,132.01,132.05,62.52,601.16,4500.06,67.17,11.88,90.27,12.02,-19.13,36.4,28.8,46.9,75.7,1.2,66.9,15.7,82.6,16.1,1.3,5.353333333
0.4,109.84,9.43,1.83,130.17,1.84,131.11,44.7,41.23,4336.45,19.06,32.03,194.75,32.75,540,12.65,4.22,18.52,131.21,131.25,62.53,599.13,4500.03,67.11,11.86,90.53,12.02,-18.93,36.42,32.6,42.2,74.8,1.8,66,17.1,83.1,15.3,1.6,5.27
0.4,110,9.43,1.84,130.27,1.84,131.18,44.76,41.47,4412.29,19.25,32.26,194.79,32.88,540.01,12.58,4.22,18.54,131.33,131.36,62.8,603.21,4500.01,67.17,11.84,89.53,12.03,-19.6,36.4,34.3,42.4,76.7,1.3,64.9,16.3,81.2,17.1,1.7,5.298333333
0.4,110,9.4,1.87,130.65,1.87,131.56,44.68,41.58,4361.42,19.41,32.36,194.88,32.71,540.01,12.69,4.22,18.63,131.67,131.7,62.37,608.42,4499.96,66.99,11.92,89.57,12.03,-19.41,36.41,28.4,45.2,73.6,1.6,67.6,15.7,83.3,15.5,1.2,5.27
0.4,109.95,9.35,1.81,130.03,1.82,130.9,44.65,41.45,4231.2,19.31,32.32,195.32,32.62,540.02,12.7,4.21,18.53,131,131.03,62.1,601.87,4500.13,66.88,11.85,89.81,12.02,-19.25,36.39,32.9,43.7,76.6,1.4,67.3,16.4,83.7,14.9,1.4,5.343333333
0.4,109.99,9.37,1.8,129.84,1.8,130.78,44.64,41.49,4265.44,19.21,32.11,195.41,32.74,540.01,12.66,4.2,18.51,130.84,130.87,62.08,602.18,4500.2,67.03,11.83,90,12.02,-19.44,36.41,29.2,46.1,75.3,1.4,70.2,15.4,85.6,13.3,1.1,5.353333333
0.4,109.96,9.44,1.77,129.48,1.78,130.43,44.75,41.29,4286.18,19.02,31.79,194.69,32.75,539.99,12.65,4.22,18.47,130.5,130.53,62.33,598.64,4482.28,66.83,11.8,89.51,12.01,-19.5,36.32,30.8,45.3,76.1,1.5,66.8,16.4,83.2,15.4,1.4,5.318333333
0.4,110,9.37,1.8,129.86,1.8,130.76,44.67,41.51,4264.05,19.25,32.07,195.18,32.93,540.02,12.67,4.21,18.51,130.82,130.84,62.53,601.73,4495.38,67.18,11.79,89.56,12.02,-19.56,36.39,33.2,43.7,76.9,1.3,63.4,17.6,81,17.6,1.4,5.351666667
0.4,110,9.37,1.85,130.48,1.85,131.37,44.77,41.63,4301.72,19.48,32.46,195.23,32.98,539.99,12.64,4.21,18.55,131.47,131.48,62.24,606.8,4496.68,67.17,11.81,89.75,12.03,-19.55,36.41,31.7,42.5,74.2,1.8,66.7,15.8,82.5,16.1,1.4,5.433333333
0.4,109.93,9.35,1.88,130.9,1.89,131.75,44.6,41.38,4239.87,19.5,32.5,195.23,32.94,540,12.66,4.21,18.56,131.78,131.83,61.85,601.72,4499.91,67.11,11.82,89.57,12.01,-19.1,36.42,35.9,40.5,76.4,1.7,64.6,17.3,81.9,16.6,1.5,5.416666667
0.4,109.96,9.39,1.7,128.67,1.71,129.6,44.63,41.16,4213.69,18.86,31.53,194.84,33.45,540.04,12.73,4.22,18.39,129.66,129.7,62.7,594.83,4491.92,66.74,11.78,89.76,12,-19.4,36.34,29.8,45,74.8,1.2,64.8,18.7,83.5,15.1,1.4,5.366666667
0.4,109.96,9.36,1.86,130.64,1.87,131.48,44.66,41.27,4240.91,19.37,32.23,195.07,33.07,540.02,12.68,4.21,18.64,131.59,131.63,62.91,607.83,4500.22,67.1,11.85,89.21,12.02,-19.37,36.38,33.4,42.1,75.5,1.3,66.4,16.3,82.7,15.8,1.3,5.385
0.4,109.94,9.37,1.79,129.81,1.8,130.68,44.67,41.33,4314.14,19.16,31.91,195.13,32.97,540.02,12.63,4.21,18.51,130.75,130.79,62.86,600.14,4492.26,67.02,11.82,89.65,12.01,-19.43,36.39,32.8,44.7,77.5,1.2,67,16.6,83.6,15.1,1.3,5.341666667
0.4,110,9.35,1.83,130.34,1.84,131.08,44.59,41.56,4240.31,19.48,32.51,195.1,32.72,540.01,12.72,4.21,18.54,131.27,131.29,62.82,605.04,4499.56,67.04,11.83,89.69,12.02,-19.6,36.38,29.2,47,76.2,1.5,62.6,18,80.6,18,1.4,5.498333333
0.4,109.89,9.36,1.84,130.37,1.84,131.2,44.62,41.19,4253.15,19.29,32.1,195.17,32.84,540.01,12.67,4.21,18.54,131.27,131.3,62.45,601,4499.93,67.25,11.82,89.73,12.02,-19.12,36.4,32.2,42.9,75.1,1.6,69,15.5,84.5,14.3,1.2,5.456666667
0.4,109.94,9.36,1.83,130.3,1.84,131.15,44.61,41.28,4337.37,19.28,32.09,195.05,32.95,540,12.64,4.21,18.53,131.24,131.27,62.7,601.12,4499.97,67.1,11.79,88.61,12.02,-19.3,36.37,27.6,47.9,75.5,1.3,64.1,21.6,85.7,13.2,1.1,5.406666667
0.4,109.94,9.43,1.71,128.74,1.71,129.66,44.68,41.19,4349.5,18.77,31.65,194.44,33.11,540,12.68,4.23,18.45,129.74,129.77,62.59,596.85,4500.03,67.13,11.8,88.95,12.02,-19.13,37.5,33.5,42.2,75.7,1.6,68.1,15.6,83.7,14.7,1.6,5.363333333
0.4,109.98,9.36,1.8,129.96,1.81,130.78,44.63,41.39,4268.97,19.22,32.23,194.57,32.8,540.02,12.66,4.23,18.5,130.9,130.93,62.34,600.37,4499.94,67.03,11.8,89.66,12.02,-19.33,37.17,32.4,45,77.4,1.2,68.5,17.1,85.6,13.4,1,5.385
0.4,110,9.38,1.85,130.47,1.85,131.32,45.55,41.42,4385.12,19.34,32.29,194.54,33.04,540,12.6,4.23,18.55,131.4,131.42,62.63,604.89,4499.99,67.35,11.79,88.02,12.02,-19.35,37.03,35.1,41.7,76.8,1.6,66.4,17.2,83.6,15.2,1.2,5.531666667
0.4,109.92,9.34,1.9,131.07,1.9,131.85,45.4,41.34,4286.76,19.46,32.53,194.68,32.73,540,12.66,4.22,18.61,131.96,131.99,62.3,605.29,4499.96,67.12,11.83,89.02,12.01,-19.15,36.84,33.3,44.9,78.2,1.6,62.8,17.8,80.6,17.9,1.5,5.383333333
0.4,109.97,9.37,1.81,129.98,1.81,130.83,44.86,41.11,4257.57,21.21,31.89,194.4,32.77,540,12.74,4.23,18.54,130.95,130.98,62.6,602.66,4500.19,66.97,11.83,89.74,12.02,-19.38,36.57,37.7,40.3,78,1.1,66.2,17.8,84,14.9,1.1,5.513333333
0.4,110,9.37,1.79,129.8,1.8,130.65,44.85,41.26,4346.17,21.26,32.02,194.25,32.83,539.99,12.77,4.24,18.57,130.8,130.81,62.6,606.51,4500.06,66.84,11.79,88.46,12.01,-19.51,36.55,31.4,41.9,73.3,1.8,69.9,15.5,85.4,14.5,1.1,5.496666667
0.4,110,9.41,1.76,129.43,1.77,130.26,44.73,41.21,4323.13,21.11,31.74,194.42,32.96,540.01,12.74,4.23,18.54,130.42,130.44,62.39,604.37,4500,67.01,11.79,89.2,12.01,-19.5,36.6,33.6,44.2,77.8,1.4,66.2,16.8,83,15.6,1.4,5.398333333
0.4,109.99,9.35,1.89,130.97,1.9,131.89,44.73,41.79,4266.75,21.44,32.29,194.39,32.88,540.02,12.74,4.23,18.63,131.95,131.97,62.8,608,4500.11,67.06,11.81,89.22,12.03,-19.49,36.53,29,46.8,75.8,1.5,68.4,17.5,85.9,12.9,1.2,5.305
0.4,110,9.35,1.92,131.25,1.92,132.18,44.79,41.85,4349.13,21.54,32.38,194.47,33.06,540,12.68,4.23,18.64,132.24,132.27,62.58,609.48,4500.02,67.28,11.77,89.39,12.02,-19.45,36.55,35.4,41.2,76.6,1.4,69.3,16.9,86.2,12.7,1.1,5.446666667
0.4,110,9.35,1.97,131.91,1.97,132.66,44.73,41.87,4313.81,21.69,32.68,194.17,33.05,540,12.66,4.24,18.71,132.82,132.84,63.13,614.48,4477.64,67.14,11.76,88.49,12.02,-19.54,36.56,31.4,43.9,75.3,1.7,66.7,17.3,84,14.6,1.4,5.286666667
0.4,109.98,9.36,1.65,128.16,1.66,128.96,44.64,41.78,4206.72,20.91,32.67,192.99,32.19,540.01,12.82,4.27,18.47,129.09,129.12,61.52,598.87,4500.46,66.77,11.82,86.46,11.99,-19.4,33.36,33.4,43,76.4,1.5,65.6,17.4,83,15.6,1.4,5.566666667
0.4,110,9.37,1.63,127.79,1.63,128.72,44.68,41.86,4267.63,20.71,32.45,192.97,32.44,540,12.8,4.27,18.46,128.76,128.78,61.23,600.05,4500.27,66.77,11.85,85.98,11.99,-19.49,33.37,34.2,42.2,76.4,1.4,64.8,17.1,81.9,16.7,1.4,5.295
0.4,109.98,9.37,1.64,127.88,1.64,128.79,44.65,41.64,4351.99,20.73,32.41,192.4,32.52,540,12.9,4.29,18.56,128.87,128.91,61.67,603.85,4499.91,66.89,11.85,86.15,12,-19.56,33.31,29.8,44.5,74.3,1.8,62,21.5,83.5,15.1,1.4,5.411666667
0.4,109.98,9.38,1.65,128.02,1.65,128.93,44.66,41.62,4258.89,20.64,32.37,191.98,32.61,540,12.81,4.3,18.51,129,129.03,61.37,601.54,4499.89,66.79,11.81,86.3,12,-19.49,33.25,37.6,41.2,78.8,1,68.5,16.2,84.7,14.1,1.2,5.3
0.4,110,9.38,1.59,127.32,1.6,128.24,44.69,41.74,4324.66,20.57,32.26,191.89,32.46,540,12.86,4.31,18.46,128.34,128.35,61.39,600.8,4500,66.79,11.8,86.21,12,-19.49,33.21,36.6,40.8,77.4,1.4,67.7,16.7,84.4,14.5,1.1,5.31
0.4,109.87,9.39,1.64,127.82,1.64,128.71,44.65,41.37,4311.02,20.52,32.18,191.96,32.61,540,12.86,4.3,18.52,128.81,128.86,61.24,599.51,4500.02,66.87,11.81,86.33,12,-19,33.24,33.8,41.2,75,1.6,65.9,17.3,83.2,15.4,1.4,5.215
0.4,109.91,9.33,1.72,128.98,1.72,129.61,45.11,41.79,4202.66,20.98,32.99,192.53,32.18,540,12.83,4.29,18.61,129.84,129.88,61.53,604.11,4500.18,66.84,11.88,88.59,12,-19.51,33.3,40.7,37.7,78.4,1,65.7,17.5,83.2,15.5,1.3,5.718333333
0.4,110,9.35,1.63,127.89,1.63,128.73,44.89,42.02,4284.4,20.74,32.66,192.52,32.22,540,12.99,4.29,18.55,128.78,128.79,62.09,605.31,4499.98,66.64,11.85,88.38,12,-19.98,33.32,34.3,42.3,76.6,1.3,63.6,18.4,82,16.4,1.6,5.613333333
0.4,110,9.34,1.73,129.23,1.74,130.15,44.78,42,4345.05,21.06,33.11,192.48,32.25,539.99,12.96,4.29,18.64,130.06,130.07,61.44,610.54,4500.15,66.95,11.86,88.48,12,-20.09,33.32,30.2,45.4,75.6,1.3,63.1,18.6,81.7,16.8,1.5,5.718333333
0.4,110,9.45,1.73,129.16,1.73,129.84,44.89,33.94,4482.04,21.06,32.27,203.41,32.06,540,12.71,3.98,18.69,130.03,130.05,62.71,611.31,4500.04,65.96,11.87,84.38,12,-19.46,34.19,22.8,48.8,71.6,1.9,68.7,15.7,84.4,14.3,1.3,5.345
0.4,109.95,9.52,1.69,128.8,1.7,129.57,44.55,33.36,4387.67,20.85,32.2,203.88,31.5,539.98,12.69,3.97,18.6,129.55,129.57,61.92,605.85,4500.07,65.6,11.86,85.01,12.01,-19.37,34.23,30.7,42.8,73.5,2,62.7,17.9,80.6,17.8,1.6,5.396666667
0.4,109.98,9.51,1.73,129.17,1.73,129.91,44.68,34.23,4516.25,20.94,32.37,204.07,30.95,539.99,12.73,3.97,18.67,129.96,129.99,62.21,609.62,4494.37,0,11.85,84.38,12,-19.46,34.28,30.8,43.9,74.7,1.6,66.1,16.7,82.8,15.8,1.4,5.305
0.4,109.91,9.43,1.82,130.33,1.83,130.99,44.6,33.87,4470.12,21.25,32.52,203.65,31.71,539.98,12.72,3.98,18.79,131.11,131.15,62.17,614.03,4500.22,67.98,11.83,85.02,12,-19.23,34.39,25.4,48.5,73.9,1.8,66.2,16.8,83,15.5,1.5,5.376666667
0.4,109.99,9.47,1.85,130.76,1.85,131.43,44.36,34.57,4369.25,21.39,32.81,204.47,30.92,540.02,12.61,3.96,18.73,131.42,131.43,62.41,615.41,4500.21,67.49,11.85,85.31,12,-19.61,34.44,26.3,47.1,73.4,1.7,65,16.7,81.7,16.8,1.5,5.401666667
0.4,109.97,9.48,1.8,130.22,1.81,131,44.5,34.33,4402.28,21.21,32.54,204.5,30.63,540,12.74,3.96,18.68,130.91,130.93,62.47,610.06,4499.99,67.45,11.85,84.84,12,-19.49,34.45,29.8,47.6,77.4,1.1,66.7,16.7,83.4,15.5,1.1,5.378333333
0.4,109.96,9.48,1.83,130.52,1.84,131.09,44.89,34.16,4471.68,21.27,32.58,204.6,30.89,540.01,12.65,3.95,18.81,131.24,131.26,62.31,616.79,4500.01,67.26,11.86,84.81,12,-19.43,34.46,28.1,47.1,75.2,1.7,66.3,16.4,82.7,16,1.3,5.435
0.4,110,9.41,1.79,130.1,1.79,130.76,44.98,34.41,4414.19,21.29,32.58,203.41,30.94,539.99,12.66,3.98,18.68,130.77,130.78,62.49,611.52,4500.04,67.61,11.8,86.36,12,-19.49,34.24,35.8,42,77.8,1.1,63.7,18.5,82.2,16.5,1.3,5.445
0.4,109.99,9.45,1.93,131.71,1.93,132.33,44.81,34.36,4495.62,21.53,32.92,203.35,30.74,540,12.6,3.99,18.82,132.33,132.34,62.34,618.05,4499.92,67.86,11.8,86.65,12,-19.45,34.22,28.4,47,75.4,1.6,66.5,17.2,83.7,15.2,1.1,5.44
0.4,110,9.42,1.85,130.79,1.86,131.47,44.8,32,4391.58,21.47,32.78,203.72,32.2,539.96,12.44,3.98,18.65,131.51,131.52,62.82,612.55,4500.06,67.86,11.79,86.15,12,-19.47,34.33,32.2,43.5,75.7,1.7,67.1,16,83.1,15.2,1.7,5.24
0.4,109.95,9.52,1.81,130.17,1.81,130.69,44.64,31.81,4446.57,21.15,32.29,203.73,31.9,539.99,12.37,3.98,18.55,130.91,130.97,62.57,602.02,4500.03,67.67,11.81,86.56,12,-18.93,34.31,36,41.2,77.2,1.8,66.5,16.5,83,15.3,1.7,5.238333333
0.4,109.96,9.45,2,132.37,2,133.07,44.6,31.51,4480.63,21.7,33.02,202.01,33.35,539.97,12.42,4.02,18.72,133.11,133.13,62.43,612.16,4500.05,68.1,11.77,86.82,12.01,-19.42,34.23,31.2,43.7,74.9,1.7,64.7,17.4,82.1,16.4,1.5,5.311666667
0.4,109.99,9.43,1.84,130.57,1.84,131.23,44.57,31.96,4394.93,21.29,32.52,204.89,31.7,540.01,12.4,3.95,18.6,131.3,131.31,62.96,606.92,4500.32,67.61,11.79,86.31,12,-19.49,34.34,25,47.9,72.9,1.6,64.4,17.8,82.2,16.5,1.3,5.198333333
0.4,109.94,9.48,1.86,130.87,1.87,131.49,44.39,31.59,4485.95,21.21,32.38,204.83,31.96,540,12.36,3.95,18.61,131.57,131.63,62.42,605.13,4488.37,67.72,11.76,86.86,11.99,-19.3,34.36,33.5,41.4,74.9,1.6,65.8,17.6,83.4,15.2,1.4,5.156666667
0.4,110,9.49,1.76,129.56,1.76,130.35,44.66,32.36,4329.93,21.16,32.35,202.87,30.22,540,12.48,4,18.4,130.37,130.37,61.94,599.3,4500.32,67.15,11.87,87.28,12,-19.47,34.09,26.9,47.4,74.3,1.9,66.4,16.4,82.8,15.7,1.5,5.395
0.4,109.94,9.48,1.84,130.48,1.84,131.23,44.6,32.1,4448.11,21.25,32.45,204.36,30.49,540,12.57,3.96,18.6,131.25,131.29,62.43,604.58,4500.03,67.34,11.87,86.16,12,-19.28,34.28,23.4,50,73.4,2.1,63.3,18.3,81.6,17,1.4,5.555
0.4,110,9.41,1.85,130.73,1.86,131.43,44.61,32.44,4475.06,21.54,32.79,204.37,31.01,540,12.38,3.96,18.61,131.48,131.49,62.45,610.1,4498.22,67.45,11.82,87.01,11.99,-19.51,34.3,23.6,49.9,73.5,1.5,69.6,16,85.6,13.4,1,5.371666667
0.4,109.94,9.48,1.86,130.88,1.87,131.61,44.67,32.23,4330.62,19.73,32.51,203.52,30.56,540.02,12.38,3.98,18.48,131.57,131.6,62.03,598.72,4500.25,67.36,11.86,87.65,12,-19.15,34.12,21.8,50.5,72.3,2,61.8,19.8,81.6,17.1,1.3,5.355
0.4,109.96,9.42,1.8,130.14,1.81,130.91,44.49,32.29,4388.22,19.67,32.42,203.51,30.54,540.01,12.46,3.98,18.54,130.88,130.91,62.64,602.31,4497.04,67.28,11.86,86.22,12,-19.41,34.28,31.7,41.8,73.5,2,63.3,18.8,82.1,16.4,1.5,5.37
0.4,110,9.41,1.84,130.65,1.85,131.37,44.55,32.46,4498.07,19.88,32.74,203.55,30.65,540.01,12.38,3.98,18.54,131.38,131.4,62.6,606.78,4491.28,67.43,11.84,87.24,11.99,-19.56,34.3,30.4,44.4,74.8,1.6,64.2,18.1,82.3,16.2,1.5,5.111666667
0.4,109.91,9.42,1.81,130.14,1.81,130.91,44.56,32.08,4458.5,19.45,32.38,203.79,30.48,540,12.43,3.97,18.58,130.92,130.95,63.24,609.98,4490.27,67.37,11.84,86.47,12,-19.23,34.26,31.2,46.5,77.7,1.3,63.8,18,81.8,16.6,1.6,5.255
0.4,110,9.51,1.84,130.49,1.84,131.25,44.63,32.1,4546.77,19.49,32.51,203.77,30.61,539.99,12.48,3.97,18.56,131.29,131.31,62.58,607.06,4493.58,67.47,11.85,87.42,11.99,-19.65,34.29,25.1,46.9,72,2.1,66.9,16.9,83.8,14.9,1.3,5.111666667
0.4,110,9.42,1.94,131.66,1.94,132.23,44.59,32.27,4381.34,19.97,33.05,203.48,30.97,540.01,12.41,3.98,18.61,132.44,132.46,62.64,608.48,4500.08,67.39,11.85,86.7,12,-19.55,34.18,31.3,44.6,75.9,1.7,64.2,18.7,82.9,15.9,1.2,5.165
0.4,109.91,9.47,1.85,130.8,1.85,131.5,44.65,32.24,4348.02,19.56,32.78,203.56,30.42,540.01,12.4,3.98,18.53,131.42,131.45,61.56,600.17,4500.03,67.14,11.83,86.46,12,-19.69,34.08,23.6,48.6,72.2,1.6,68,16.1,84.1,14.8,1.1,5.345
0.4,109.92,9.48,1.79,130,1.79,130.79,44.53,32.08,4520.36,19.22,32.29,203.66,30.41,540.01,12.49,3.98,18.46,130.67,130.72,61.8,596.82,4488.21,67.28,11.82,87.23,11.99,-19.66,34.13,23.6,49.4,73,2.2,64.2,18.5,82.7,16.1,1.2,5.251666667
0.4,109.96,9.43,1.82,130.48,1.83,131.24,44.55,31.91,4400.27,19.32,32.33,204.15,31.01,539.99,12.49,3.97,18.66,131.14,131.19,62.92,600.13,4499.88,67.43,11.81,86.46,12.02,-19.91,34.38,29.1,43.8,72.9,1.9,67.9,16.4,84.3,14.2,1.5,5.39
0.4,110,9.44,1.81,130.24,1.81,130.93,44.44,32.15,4463.45,19.33,32.51,204.11,31.15,540,12.46,3.97,18.58,130.93,130.95,62.41,607.08,4484.11,67.59,11.78,87.56,12,-19.97,34.4,26.2,46,72.2,2.5,65.6,17.5,83.1,15.5,1.4,5.426666667
0.4,110,9.48,1.87,130.95,1.87,131.66,44.68,32.45,4354.08,19.54,32.73,204.17,30.57,540,0,3.96,18.52,131.63,131.65,62.09,605.22,4500.9,67.36,11.89,87.15,11.99,-19.5,34.35,28.6,46,74.6,1.9,66.7,16.9,83.6,15.2,1.2,5.351666667
0.4,109.94,9.48,1.86,130.85,1.87,131.54,44.63,32.17,4545.85,19.4,32.53,204.07,30.45,539.98,12.48,3.97,18.57,131.53,131.58,62.51,603.17,4492.37,67.42,11.91,86.36,12,-19.27,34.31,27.5,47.5,75,2,67.4,16.7,84.1,14.8,1.1,5.346666667
0.4,110,9.4,1.86,130.87,1.86,131.58,44.53,32.55,4393.91,19.64,32.89,203.96,30.32,540.04,12.41,3.97,18.62,131.56,131.57,62.86,610.89,4500.39,67.37,11.91,86.8,12,-19.43,34.3,29.9,43.6,73.5,1.6,68.6,15,83.6,14.8,1.6,5.233333333
0.4,110,9.41,1.87,130.94,1.87,131.58,44.82,32.54,4349.9,19.78,33.09,203.6,30.54,540,12.43,3.98,18.59,131.66,131.67,62.52,609.46,4494.77,67.13,11.92,86.77,12,-19.57,34.06,31.9,42.9,74.8,1.8,66.4,17.2,83.6,15.1,1.3,5.436666667
0.4,110,9.41,1.85,130.77,1.86,131.52,44.64,32.45,4444.45,19.62,32.84,203.51,30.58,539.98,12.47,3.98,18.61,131.47,131.48,62.48,610.17,4493.86,67.26,11.92,86.65,12,-19.42,34.11,30.4,42.7,73.1,1.9,65.3,16.4,81.7,16.6,1.7,5.431666667
0.4,109.98,9.45,1.91,131.4,1.91,132.14,44.69,32.21,4467.01,19.66,32.8,203.53,30.6,540.01,12.35,3.98,18.63,132.07,132.1,62.34,607.45,4500.42,67.68,11.91,87.47,12,-19.43,34.11,28.8,44.7,73.5,1.9,64.5,18.5,83,15.6,1.4,5.255
0.4,110,9.4,1.8,130.21,1.8,130.81,44.54,32.47,4362.4,19.65,32.86,204.39,30.94,540.03,12.55,3.96,18.54,130.81,130.83,62.12,605.17,4500.13,66.97,11.89,87.01,12,-19.46,34.23,30.6,45.3,75.9,1.5,66.8,16.9,83.7,15,1.3,5.351666667
0.4,109.95,9.43,1.87,131.04,1.87,131.71,44.5,31.99,4472.14,19.51,32.62,204.3,31.6,539.99,12.39,3.96,18.62,131.66,131.69,62.43,606.31,4500.06,67.38,11.89,87.29,12.01,-19.43,34.3,28.3,46.2,74.5,1.6,69.6,15.3,84.9,16,1.1,5.318333333
0.4,109.98,9.43,1.7,128.91,1.7,129.67,44.59,32.31,4470.63,19.04,32.03,204.74,30.47,540.01,12.54,3.95,18.44,129.58,129.61,62.83,598.37,4500.24,67.34,11.94,87.68,11.99,-19.47,34.39,31.3,44.6,75.9,1.6,64.7,17.8,82.5,16,1.5,5.313333333
0.4,110,9.44,1.68,128.78,1.68,129.54,44.54,34.56,4465.6,19.08,32.03,203.19,31.87,539.99,12.86,3.99,18.44,129.42,129.44,62.45,599.63,4500.23,66.8,11.79,87.11,12,-19.54,34.31,29.5,43.6,73.1,2.1,67.6,16.3,83.9,14.6,1.5,5.766666667
0.4,109.98,9.41,1.8,130.12,1.8,130.55,44.57,34.78,4409.1,19.45,32.64,203.81,30.93,540.01,12.94,3.97,18.47,130.78,130.8,61.91,599.15,4494.13,66.95,11.87,87.07,11.99,-19.79,34.21,31,46.7,77.7,1.2,64.6,17.2,81.8,16.8,1.4,5.403333333
0.4,110,9.41,1.91,131.38,1.91,132.16,44.71,34.77,4396.15,19.86,33,203.78,30.93,540,12.75,3.97,18.7,132.12,132.13,63.02,614.15,4499.99,67.69,11.89,86.69,12,-19.48,34.15,28.6,45.1,73.7,2.3,69.3,15.1,84.4,14.3,1.3,5.463333333
0.4,109.87,9.41,1.89,131.12,1.89,131.91,44.73,34.53,4510.64,19.61,32.65,203.77,30.92,539.99,12.7,3.97,18.63,131.85,131.9,62.87,610.88,4500.03,67.62,11.91,87.37,12,-18.73,34.16,29.6,46.2,75.8,2,64.2,17.1,81.3,16.9,1.8,5.446666667
0.4,109.94,9.41,1.93,131.67,1.94,132.17,44.79,34.57,4412.38,19.9,33.07,202.87,31.14,539.98,12.7,4,18.6,132.4,132.43,62.29,604.26,4495.74,67.33,11.9,86.94,12,-19.28,34.05,30.9,43.4,74.3,1.2,61.9,18.9,80.8,17.7,1.5,5.331666667
0.4,110.01,9.41,1.9,131.27,1.9,131.96,44.83,34.82,4448.29,19.75,32.93,202.83,30.91,540.01,12.78,4,18.6,132.05,132.07,64.07,608.44,4499.98,67.57,11.94,87.83,12,-19.79,34.07,33.4,41.9,75.3,1.6,61.3,19.6,80.9,17.7,1.4,5.313333333
0.4,109.99,9.41,1.91,131.37,1.92,132.12,44.76,34.72,4513.8,19.83,32.92,204.05,30.99,540.01,12.76,3.97,18.59,132.17,132.19,64.59,606.4,4500.23,67.62,11.93,86.88,12,-19.96,34.3,34.3,43,77.3,1.3,65.4,17.5,82.9,15.8,1.3,5.245
0.4,110.01,9.43,1.9,131.29,1.9,132.07,44.72,34.67,4471.86,19.77,32.91,204.26,30.97,540.03,12.67,3.96,18.59,132.07,132.07,62.62,609.16,4500.09,67.69,11.93,87.42,12,-19.65,34.31,27,46.6,73.6,2,66.5,14.9,81.4,16.9,1.7,5.221666667
0.4,109.93,9.41,1.85,130.71,1.85,131.45,44.81,34.65,4390.55,19.63,32.87,202.32,30.97,540,12.91,4.01,18.59,131.37,131.4,62.11,603.78,4500.14,67.21,11.92,87.19,12,-19.23,33.99,23.4,48.6,72,2.2,67.7,15.7,83.4,15.3,1.3,5.588333333
0.4,109.98,9.41,1.85,130.73,1.85,131.49,44.78,34.76,4395.05,19.56,32.67,202.23,31.08,540.02,12.79,4.02,18.57,131.42,131.44,62.29,603.98,4497.54,67.47,11.92,87.97,12,-19.32,34.02,25.7,46.1,71.8,2,65.6,16.8,82.4,16.2,1.4,5.416666667
0.4,110,9.42,1.72,129.1,1.72,129.86,44.68,34.75,4507.83,19.27,32.25,204.33,30.82,540.01,12.8,3.96,18.43,129.86,129.87,62.78,599.26,4500.01,67.26,11.93,86.76,12,-19.47,34.24,23.4,47.4,70.8,2.5,65.3,16.4,81.7,16.6,1.7,5.406666667
0.4,109.95,9.4,1.88,131.06,1.88,131.65,44.56,34.82,4389.87,19.72,32.99,202.98,30.77,540,12.84,4,18.59,131.73,131.75,62.4,604.16,4500.82,66.82,11.89,87.15,12,-19.2,34.02,23.8,47,70.8,2.5,65.9,17.2,83.1,15.4,1.5,5.428333333
0.4,109.99,9.41,1.84,130.65,1.85,131.36,44.66,34.64,4446.23,19.55,32.62,202.91,31.37,539.99,12.75,4,18.55,131.37,131.39,62.4,603.23,4499.4,67.35,11.89,87.53,12,-19.38,34.06,22.9,47,69.9,2.6,66.6,16.2,82.8,15.8,1.4,5.576666667
0.4,110.01,9.41,1.94,131.77,1.94,132.45,44.67,34.66,4517.96,19.9,33.08,201.19,31.92,540,12.75,4.04,18.69,132.52,132.52,63.02,613.69,4500.12,67.65,11.88,86.56,12,-19.53,33.95,26.8,48.3,75.1,2.1,63.2,19,82.2,16.3,1.5,5.531666667
0.4,109.99,9.42,1.85,130.63,1.85,131.33,44.57,34.8,4473.61,19.54,32.58,202.15,31.13,539.99,12.77,4.02,18.63,131.39,131.42,62.73,607.4,4498.87,67.47,11.92,87.5,12,-19.53,34.06,33.3,44.3,77.6,1.1,61.7,19,80.7,17.7,1.6,5.285
0.4,109.89,9.41,1.88,131.07,1.89,131.71,44.76,34.53,4385.13,19.63,32.88,202.83,31.12,539.99,12.82,4,18.58,131.78,131.82,62.62,609.03,4500.02,66.92,11.92,87,11.99,-18.92,33.97,26.8,48.2,75,1.5,64.7,17.2,81.9,16.6,1.5,5.615
0.4,109.99,9.42,1.82,130.31,1.82,131.05,44.72,34.81,4448.72,19.46,32.55,202.79,30.79,540.01,12.79,4,18.54,131.06,131.09,62.45,604.31,4499.98,67.23,11.95,87.51,12,-19.5,33.99,24.7,47.3,72,2.3,64.4,17.1,81.5,17,1.5,5.353333333
0.4,110,9.41,1.87,130.91,1.87,131.61,44.68,35.36,4529.54,19.73,32.88,202.76,30.76,540.03,12.78,4,18.63,131.68,131.69,62.88,610.54,4500.12,67.43,11.95,86.57,12,-19.57,34.01,28.7,45.9,74.6,1.6,69.2,14.7,83.9,14.7,1.4,5.518333333
0.4,110,9.43,1.82,130.33,1.82,131.06,44.63,35.03,4393.54,19.58,32.64,203.74,30.58,540,12.77,3.98,18.58,131.06,131.07,63.19,608.51,4500.42,67.34,11.93,86.99,12.01,-19.57,34.1,28.1,45.5,73.6,1.6,62.1,18.7,80.8,17.8,1.4,5.27
0.4,109.91,9.42,1.83,130.5,1.84,131.26,44.6,34.66,4567.01,19.49,32.49,203.8,30.64,540.04,12.76,3.97,18.56,131.2,131.25,62.68,602.29,4500.11,67.41,11.94,87.65,12,-19.21,34.12,31.6,44.4,76,1.4,62.1,18.4,80.5,17.8,1.7,5.256666667
0.4,110,9.43,1.87,131.01,1.88,131.6,44.6,34.71,4441.26,19.71,32.75,204.31,30.95,540,12.81,3.96,18.68,131.75,131.76,62.71,613.05,4500.19,67.42,11.93,87.83,12,-19.57,34.19,31.7,44,75.7,1.4,65.3,17.8,83.1,15.7,1.2,5.355
0.4,109.92,9.42,1.88,131.07,1.88,131.77,44.54,34.62,4462.27,19.64,32.62,204.29,30.99,540,12.72,3.96,18.7,131.77,131.8,62.86,609.9,4496.92,67.5,11.91,87.38,12,-19.16,34.17,36.3,39.2,75.5,1.5,64.1,18.4,82.5,16.1,1.4,5.245
0.4,109.98,9.44,1.9,131.37,1.91,132.02,44.53,34.64,4511.32,19.72,32.76,204.35,30.74,539.99,12.73,3.96,18.7,132.06,132.1,62.77,611.36,4494.05,67.51,11.92,87.76,12,-19.46,34.18,34.4,43,77.4,1.2,61.9,19.5,81.4,17.1,1.5,5.261666667
0.4,110,9.41,1.82,130.48,1.83,131.15,44.85,34.93,4418.04,19.72,32.92,204.68,30.93,539.99,12.94,3.95,18.55,131.15,131.17,62.5,605.64,4500.16,66.97,11.91,87.25,12,-19.49,34.28,26.1,47.3,73.4,2.3,67.3,15.5,82.8,15.9,1.3,5.561666667
0.4,109.89,9.43,1.87,131.02,1.88,131.65,44.7,34.39,4483.01,19.54,32.58,204.66,31.66,539.99,12.78,3.95,18.65,131.66,131.69,62.65,612.86,4500.04,67.55,11.9,87.55,12,-19.17,34.34,26.4,47.7,74.1,1.9,66.5,16.2,82.7,15.9,1.4,5.436666667
0.4,110,9.43,1.82,130.44,1.82,131.01,44.46,34.53,4450.9,19.49,32.51,205,31.64,539.99,12.74,3.94,18.68,131.06,131.08,63.16,611.88,4500.34,67.45,11.87,87.45,11.99,-19.49,34.34,28.5,46,74.5,1.4,61.6,18.9,80.5,18.1,1.4,5.336666667
0.4,110,9.45,1.82,130.52,1.83,131.05,44.36,34.58,4500.37,19.46,32.51,205.03,31.71,540,12.82,3.94,18.69,131.15,131.17,62.86,612.8,4484.78,67.27,11.88,87.85,12,-19.57,34.36,30.7,43.1,73.8,1.7,66.4,16.7,83.1,15.7,1.2,5.318333333
0.4,109.89,9.41,1.82,130.44,1.82,131.02,44.86,34.69,4383.4,19.52,32.75,203.79,30.86,539.99,12.92,3.97,18.5,131,131.03,64,604.69,4500.38,67.06,11.93,87.45,12,-19.02,34.3,22.1,50.1,72.2,1.5,62.3,19.3,81.6,17,1.4,5.34
0.4,110,9.43,1.86,130.91,1.86,131.78,44.42,34.73,4432.16,19.66,32.75,204.43,31.77,539.99,12.69,3.96,18.61,131.58,131.58,65.81,609.32,4500.06,67.68,11.92,87.72,12,-19.55,34.34,27.1,48,75.1,1.5,67.4,15.9,83.3,15.4,1.3,5.33
0.4,109.87,9.47,1.85,130.72,1.85,131.52,44.51,34.48,4523.44,19.43,32.35,204.39,31.29,539.99,12.76,3.96,18.64,131.36,131.4,64.55,611.7,4499.99,67.63,11.94,88.3,12,-19.1,34.32,29.9,46.2,76.1,1.6,67.1,16.3,83.4,15.3,1.3,5.35
0.4,110,9.5,1.78,130,1.78,130.72,44.61,34.59,4410.99,19.37,32.38,203.29,31.33,539.99,12.99,3.99,18.56,130.62,130.63,62.07,606.46,4499.94,67.19,11.94,87.81,12,-19.6,34.11,37.4,41.1,78.5,1.2,62.2,18.7,80.9,17.5,1.6,5.388333333
0.4,109.97,9.5,1.84,130.69,1.85,131.35,44.55,34.67,4535.16,19.45,32.48,202.93,30.9,540.01,12.83,4,18.64,131.33,131.37,62.69,606.76,4499.98,67.43,11.93,87.1,11.99,-19.38,34.06,34.4,42.4,76.8,1.5,64.2,18.4,82.6,16.1,1.3,5.325
0.4,109.97,9.43,1.86,130.95,1.87,131.61,44.49,34.62,4388.68,19.6,32.6,203.23,31.6,540.01,12.85,3.99,18.74,131.59,131.62,63.01,612.79,4499.98,67.5,11.9,87.19,11.99,-19.45,34.14,25.7,45.9,71.6,2.3,67.3,15.9,83.2,15.1,1.7,5.451666667
0.4,109.95,9.43,1.82,130.35,1.82,130.98,44.39,34.49,4493.32,19.4,32.36,203.27,31.65,540,12.82,3.99,18.69,131.01,131.05,62.73,609.1,4500.04,67.62,11.9,87.76,12,-19.29,34.15,24.9,47.3,72.2,2.1,67.2,16.7,83.9,14.2,1.9,5.375
0.4,110.01,9.49,1.88,131.22,1.89,131.75,44.64,34.61,4365.54,19.77,33,204.03,31.29,540,12.9,3.97,18.55,131.86,131.87,62.4,606.2,4500.44,67.24,11.9,87.64,11.99,-19.46,34.12,33.4,42.2,75.6,1.6,61.6,18.8,80.4,18.1,1.5,5.451666667
0.4,110,9.43,1.94,131.81,1.94,132.4,44.56,34.43,4438.12,19.83,32.93,204.86,31.93,539.99,12.88,3.95,18.75,132.5,132.51,62.91,616.77,4499.91,67.68,11.95,88.14,12,-19.52,34.37,21.4,49.1,70.5,2,66.9,15.9,82.8,15.9,1.3,5.316666667
0.4,110,9.43,1.87,131.02,1.88,131.65,44.61,34.42,4444.05,19.68,32.75,204.87,32.12,540.01,12.89,3.95,18.72,131.74,131.75,63.22,615.88,4500,67.66,11.93,87.45,12,-19.59,34.33,24.5,47,71.5,2.6,64.5,16.7,81.2,17.2,1.6,5.403333333
0.4,110,9.46,1.87,130.93,1.87,131.51,44.58,34.4,4502.13,19.59,32.64,204.94,31.87,540.01,12.83,3.94,18.7,131.64,131.66,62.97,613.19,4500.21,67.64,11.94,88.1,12,-19.64,34.36,27.5,49,76.5,1.7,64,17.4,81.4,17.2,1.4,5.363333333
0.4,109.97,9.44,1.87,130.85,1.87,131.23,45.14,34.01,4347.44,19.65,32.87,205.08,32.51,540.01,12.99,3.94,18.64,131.67,131.7,62.39,607.24,4500.01,67.2,11.98,0,12,-19.44,34.25,26.9,47.1,74,2,66.9,16.2,83.1,15.7,1.2,5.228333333
0.4,110,9.43,1.85,130.67,1.85,131.31,44.89,34.64,4360.22,19.62,32.71,204.9,31.48,540,12.61,3.95,18.5,131.42,131.43,62.51,603.57,4500.2,67.25,11.91,84.72,11.99,-20.02,34.25,32.8,44,76.8,1.3,67.2,16.7,83.9,14.9,1.2,5.181666667
0.4,109.91,9.41,1.91,131.34,1.91,131.87,44.94,34.4,4466.16,19.67,32.71,204.87,31.43,540,12.63,3.95,18.67,132.06,132.11,62.98,613.42,4500.48,67.36,11.9,84.27,12,-19.66,34.22,34.2,42.7,76.9,1.5,61.7,18.7,80.4,18,1.6,5.301666667
0.4,109.86,9.44,1.78,129.9,1.78,130.53,44.66,34.26,4480.7,19.29,32.21,204.9,31.89,540,12.66,3.95,18.56,130.53,130.56,62.71,601.67,4500.09,67.03,11.88,84.73,12,-19.46,34.28,28.6,47.9,76.5,1.7,64.5,17.1,81.6,16.9,1.5,5.351666667
0.4,109.93,9.43,1.73,129.17,1.73,129.97,45.33,34.41,4356.1,19.32,32.41,204.8,30.88,540,12.93,3.95,18.42,129.99,130.01,62.58,594.58,4500.1,66.63,12.03,84.5,12,-19.73,34.28,33.1,42.8,75.9,1.7,66,16.4,82.4,16.1,1.5,5.493333333
0.4,109.93,9.42,1.76,129.68,1.77,130.53,44.66,34.64,4511.44,19.32,32.27,203.1,30.58,540.01,12.82,3.99,18.59,130.38,130.43,62.56,603.83,4495.83,66.87,12.02,84.79,12,-19.7,34.11,34.3,42.8,77.1,1.2,63.3,17.7,81,17.5,1.5,5.241666667
0.4,109.88,9.49,1.81,130.23,1.81,130.78,44.62,34.58,4374.33,19.39,32.54,204.14,30.38,540,12.89,3.97,18.52,130.89,130.92,62.29,605.67,4500,66.53,11.99,84.62,12,-19.4,34.29,27.2,45.1,72.3,2.4,68.7,15.1,83.8,14.7,1.5,5.486666667
0.4,109.99,9.44,1.84,130.58,1.85,131.29,44.75,34.54,4464.31,19.54,32.6,203.81,31.12,539.99,12.83,3.97,18.65,131.36,131.39,62.9,608.51,4500.13,67.1,12,84.45,12.01,-19.49,34.24,34.5,43.3,77.8,1.2,62.6,19.3,81.9,16.8,1.3,5.28
0.4,109.98,9.44,1.84,130.53,1.84,131.22,44.92,34.44,4399.81,19.52,32.59,204.75,31.14,540.03,12.78,3.95,18.66,131.32,131.35,63.18,609.43,4499.8,67.06,11.99,84.74,12.01,-19.53,34.37,36.5,41.4,77.9,1.3,67,17,84,14.8,1.2,5.265
0.4,109.99,9.45,1.79,129.88,1.79,130.57,44.89,34.41,4520.86,19.38,32.39,204.82,31.14,540,12.76,3.95,18.54,130.71,130.74,62.84,603.69,4499.99,67.05,11.97,84.79,12,-19.59,34.38,35.6,40.8,76.4,1.5,63.3,18.3,81.6,16.7,1.7,5.126666667
0.4,110,9.44,1.77,129.73,1.77,130.4,44.71,34.68,4495.71,19.46,32.48,205.21,30.45,540.02,12.79,3.94,18.54,130.52,130.53,62.8,605.75,4500.03,66.8,12,84.62,12,-19.51,34.22,32.1,44.8,76.9,1.2,63.2,18.6,81.8,16.9,1.3,5.273333333
0.4,110,9.41,1.83,130.5,1.83,131.09,44.78,34.79,4363,19.74,32.92,203.74,31.01,540,12.83,3.98,18.51,131.19,131.21,62.39,603.89,4495.19,66.97,11.94,84.38,11.99,-19.93,34.08,26.5,47.5,74,1.7,67.1,16.1,83.2,15.3,1.5,5.566666667
0.4,110,9.42,1.8,130.22,1.81,130.85,44.72,34.8,4412.68,19.54,32.61,203.87,30.67,539.99,12.71,3.97,18.51,130.89,130.92,62.26,602.24,4500.07,67.34,11.97,84.43,12,-19.88,34.11,23.2,46.3,69.5,2.4,67,16.5,83.5,15,1.5,5.488333333
0.4,109.87,9.42,1.76,129.56,1.76,130.19,44.69,34.46,4462.47,19.29,32.26,204.45,30.66,539.99,12.8,3.96,18.48,130.27,130.3,62.78,603.15,4500.02,67.36,11.99,83.71,12,-19.6,34.2,22.7,47.4,70.1,2.4,66.1,16.5,82.6,16,1.4,5.431666667
0.4,109.89,9.42,1.81,130.18,1.81,130.89,44.8,34.47,4484.69,19.42,32.38,204.65,30.72,540.01,12.72,3.95,18.5,130.88,130.94,62.6,603.75,4500,67.41,11.99,84.1,12,-19.55,34.21,32.2,44.5,76.7,1.4,65.3,18.2,83.5,15.3,1.2,5.168333333
0.4,109.98,9.48,1.77,129.76,1.77,130.47,44.78,34.64,4495.01,19.27,32.22,202.87,30.5,539.99,12.86,4,18.52,130.43,130.47,62.49,601.23,4494.19,67.14,11.99,84.75,11.99,-19.96,34.05,37.8,39.9,77.7,1.3,63.4,19,82.4,16.2,1.4,5.173333333
0.4,110,9.4,1.86,130.95,1.87,131.21,44.68,34.98,4364.42,19.82,33.14,205.21,30.51,540,12.74,3.94,18.57,131.6,131.61,62.09,607.56,4499.25,66.89,11.98,84.64,11.99,-19.51,34.36,23.5,47.1,70.6,2.4,66.6,16.4,83,15.6,1.4,5.443333333
0.4,110,9.42,1.78,129.91,1.78,130.56,44.69,34.97,4449.18,19.52,32.58,205.37,30.46,540,12.75,3.93,18.51,130.62,130.64,62.05,604.4,4500.04,67.14,11.99,84.58,12,-19.53,34.39,26,48,74,1.6,65.7,16.8,82.5,16.2,1.3,5.388333333
0.4,109.88,9.42,1.79,129.97,1.79,130.62,44.7,34.5,4501.59,19.41,32.35,205.43,30.63,539.99,12.76,3.93,18.54,130.69,130.72,62.72,607.08,4499.99,67.34,11.99,84.4,12,-19.08,34.38,25.8,49,74.8,1.7,68.6,16.6,85.2,13.4,1.4,5.303333333
0.4,109.98,9.4,1.89,131.3,1.89,131.85,44.69,34.9,4395.25,19.87,33.1,205.11,30.39,540,12.84,3.94,18.59,131.93,131.96,62.45,605.66,4499.82,67.18,12.02,84.52,12.01,-19.74,34.21,30.6,45.7,76.3,1.3,59.9,20.3,80.2,18.4,1.4,5.356666667
0.4,110,9.41,1.89,131.19,1.89,131.87,44.67,34.86,4439.21,19.83,33,205.07,30.75,539.99,12.68,3.94,18.55,131.87,131.88,62.53,606.67,4500.16,67.43,11.98,84.19,12,-19.45,34.25,31.8,43.6,75.4,1.3,61.6,19.5,81.1,17.3,1.6,5.213333333
0.4,109.91,9.43,1.85,130.67,1.85,131.28,44.7,34.32,4529.32,19.55,32.54,204.25,31.32,540,12.76,3.96,18.53,131.38,131.42,63.16,606.52,4500.11,67.57,11.96,84.43,12,-19.17,34.17,35.2,41.2,76.4,1.7,63.4,18.7,82.1,16.5,1.4,5.251666667
0.4,110,9.45,1.81,130.14,1.81,130.69,44.78,34.22,4414.64,19.44,32.46,204.38,31.8,540.01,12.88,3.96,18.66,130.98,130.99,63.05,612.87,4500,67.39,11.93,84.15,12,-19.67,34.3,27.2,47.8,75,1,62.8,18.9,81.7,16.7,1.6,5.568333333
0.4,110,9.45,1.78,129.8,1.78,130.37,44.63,34.34,4494.7,19.37,32.37,204.38,31.63,540,12.79,3.96,18.61,130.62,130.63,62.54,609.7,4500.03,67.34,11.93,84.54,12,-19.63,34.31,26.6,46.7,73.3,1.9,63.3,18.4,81.7,16.8,1.5,5.471666667
0.4,109.94,9.44,1.8,130.12,1.81,130.41,44.82,34.14,4367.28,21.58,33.49,202.57,31.81,539.99,12.84,4.01,18.56,130.87,130.9,62.58,602.93,4500.32,67.3,11.95,84.57,12,-19.19,33.96,26.6,46.2,72.8,1.9,64.5,18.2,82.7,15.9,1.4,5.513333333
0.4,110,9.39,1.82,130.3,1.83,130.87,44.83,34.18,4344.96,21.71,33.7,204.87,32.12,540.01,12.81,3.95,18.64,131.15,131.17,63.01,610.17,4500.09,67.42,11.92,84.5,12,-19.57,34.36,31.2,43.6,74.8,1.2,61.6,19.3,80.9,17.3,1.8,5.486666667
0.4,109.97,9.44,1.79,129.88,1.79,130.37,44.92,33.89,4458.68,21.4,33.34,204.92,32.25,540,12.82,3.95,18.61,130.71,130.75,62.55,605.69,4499.99,67.43,11.93,84.8,12.01,-19.41,34.37,31.6,44.2,75.8,1.2,62.2,19.1,81.3,17.1,1.6,5.495
0.4,109.99,9.43,1.82,130.24,1.82,130.9,44.92,34.61,4367.39,21.65,33.63,203.78,30.92,540,12.84,3.97,18.54,131.07,131.09,62.7,603.03,4500,67.16,11.99,84.52,12,-19.94,34.04,32.2,41.2,73.4,1.7,61.3,18.4,79.7,18.3,2,5.448333333
0.4,110,9.43,1.91,131.36,1.91,131.83,44.77,34.37,4430.73,21.82,34.01,203.83,32.01,540.02,12.72,3.97,18.64,132.14,132.16,62.74,610.67,4499.98,67.58,11.93,83.93,12,-19.99,34.04,28.9,45.6,74.5,1.7,65.3,18.3,83.6,15.3,1.1,5.23
0.4,110,9.42,1.83,130.43,1.84,130.92,44.83,34.41,4429.15,21.67,33.78,203.54,31.62,540,12.81,3.98,18.55,131.27,131.28,62.28,606.4,4500.16,67.33,11.94,83.98,12,-19.93,34.03,32,41.3,73.3,1.4,66.5,18.3,84.8,14.2,1,5.385
0.4,109.86,9.45,1.82,130.26,1.82,130.74,44.75,34.08,4422.36,21.36,33.37,205.11,31.58,540,12.8,3.94,18.6,131.03,131.08,62.47,609.19,4500,67.41,11.95,84.6,12,-19.46,34.16,26.6,47.7,74.3,1.4,66.6,17.2,83.8,14.9,1.3,5.268333333
0.4,110,9.49,1.8,130.12,1.81,130.45,44.82,34.59,4358.59,21.53,33.77,203.29,30.4,539.98,12.7,3.99,18.48,130.91,130.93,61.74,601.13,4500.1,66.54,12.01,84.73,12,-19.46,34.01,28.3,48.1,76.4,1.4,63.6,18.6,82.2,16.3,1.5,5.561666667
0.4,109.93,9.5,1.83,130.31,1.83,130.95,44.92,34.24,4385.89,21.38,33.39,203.34,30.8,539.99,12.65,3.99,18.5,131.15,131.18,61.99,599.5,4500.05,67.05,12,84.52,12,-19.23,34.04,26.7,44.7,71.4,1.4,66.4,17.7,84.1,13.3,1.2,5.301666667
0.4,109.99,9.49,1.93,131.59,1.93,132.08,44.85,34.2,4454.4,21.73,33.89,203.41,31.33,540,12.8,3.98,18.71,132.39,132.41,62.51,612.28,4500.02,67.41,12,84.4,12,-19.55,34.03,28.9,46.2,75.1,1.2,64.4,18.1,82.5,16.3,1.2,5.366666667
0.4,109.86,9.5,1.84,130.47,1.84,130.92,44.95,34.28,4348.12,21.46,33.58,203.38,30.59,539.98,12.67,3.99,18.54,131.21,131.26,62.09,605.7,4500.01,66.73,12,84.71,12,-18.9,34.19,28.4,45.4,73.8,1.5,63.7,18.9,82.6,16.2,1.2,5.536666667
0.4,109.88,9.5,1.84,130.5,1.84,131.18,44.98,34.16,4397.5,21.37,33.38,203.37,30.84,540,12.74,3.99,18.57,131.28,131.31,62.07,608.29,4500.07,67.08,12.04,84.6,12,-19.02,34.21,31,45.9,76.9,1.6,66.8,18.4,85.2,14.6,1,5.553333333
0.4,109.92,9.5,1.91,131.4,1.92,131.99,44.94,34.14,4455.44,21.61,33.69,203.49,31.41,540,12.81,3.98,18.69,132.16,132.2,62.69,608.94,4500.15,67.62,12.01,84.12,12,-19.31,34.21,27.6,47.3,74.9,1.8,64.5,19,83.5,15.2,1.3,5.355
0.4,110.01,9.51,1.89,131.14,1.89,131.69,44.69,34.12,4433.28,21.57,33.68,203.42,31.74,540.01,12.79,3.98,18.69,131.93,131.95,63.13,612.49,4500.05,67.6,11.98,84.37,12,-19.58,34.01,38,42.2,80.2,1.1,65.8,16.6,82.4,16.2,1.4,5.178333333
0.4,109.94,9.45,1.84,130.51,1.85,130.73,44.8,26.81,4372.38,21.49,33.69,203.5,32.06,539.97,12.69,3.98,18.54,131.33,131.36,62.09,601.48,4499.98,67.19,11.96,84.64,12,-19.68,34.06,38.9,39.7,78.6,1.5,64,18.9,82.9,15.9,1.2,5.131666667
0.4,110,9.47,1.74,129.24,1.74,129.8,44.84,26.9,4426.71,21.22,33.22,203.33,32.19,539.98,12.83,3.99,18.48,130.1,130.12,62.5,602.01,4500.95,67.45,11.93,84.05,12,-20.04,34.03,38.4,40,78.4,1.9,61.6,19.3,80.9,17.7,1.4,5.235
0.4,110,9.51,1.87,130.87,1.87,131.43,44.6,33.93,4465.82,21.53,33.64,203.9,32.43,539.99,12.95,3.97,18.59,131.66,131.68,62.33,608.13,4500.23,67.75,11.93,84.86,12,-19.61,34.07,36,41.4,77.4,1.5,66.1,17.3,83.4,15.4,1.2,5.095
0.4,109.97,9.48,1.93,131.61,1.94,132.38,44.85,34.37,4356.76,21.76,33.9,203.63,30.71,539.99,12.78,3.98,18.56,132.39,132.41,62.48,603.17,4494.65,67.37,12.04,84.11,12,-19.9,34.12,28.6,45.7,74.3,1.7,66.3,17.5,83.8,15,1.2,5.143333333
0.4,109.99,9.49,1.91,131.4,1.92,132.09,44.87,34.23,4442.98,21.66,33.79,203.67,30.91,539.99,12.81,3.98,18.57,132.19,132.22,62.49,604.78,4500.11,67.34,12,84.41,11.99,-19.88,34.17,29.6,46.1,75.7,1.9,65.8,18.1,83.9,14.9,1.2,5.318333333
0.4,109.88,9.52,1.8,129.97,1.8,130.44,44.85,34.08,4383.6,21.23,33.25,203.86,30.76,540,12.84,3.97,18.46,130.75,130.78,61.68,602.25,4500.14,67.18,12.01,84.64,12,-19.05,34.07,24,48.1,72.1,2.1,65.7,17.7,83.4,15.2,1.4,5.211666667
0.4,109.99,9.51,1.86,130.77,1.86,131.34,44.71,34.14,4489.04,21.5,33.55,203.88,31.35,540.02,12.81,3.97,18.58,131.56,131.58,62.49,605.21,4499.94,67.47,11.99,84.72,12,-19.5,34.09,23.4,48.6,72,2.2,67.6,17.1,84.7,14.3,1,5.238333333
0.4,109.92,9.46,1.76,129.53,1.76,130.11,44.62,34.03,4412.09,21.11,33.01,203.81,31.92,540,12.82,3.97,18.53,130.31,130.34,62.58,600.77,4498.2,67.43,11.96,84.9,12,-19.18,34.09,29.5,43.9,73.4,1.7,64.1,18.4,82.5,15.9,1.6,5.481666667
0.4,109.97,9.48,1.68,128.55,1.68,129.12,44.64,34.08,4495.09,20.93,32.75,203.83,31.69,540.03,12.92,3.97,18.41,129.34,129.39,62.28,594.82,4500.09,67.38,11.97,85.18,12,-19.37,34.09,30,44.9,74.9,1.2,63.9,18.4,82.3,15.8,1.5,5.401666667
0.4,109.89,9.52,1.74,129.34,1.75,129.97,44.97,34.25,4318.48,21.11,33.13,204.79,30.6,540.01,12.75,3.95,18.38,130.09,130.15,61.96,597.38,4500.54,66.82,11.99,84.7,12,-18.97,34.16,32.7,43.6,76.3,1.6,65.6,17.6,83.2,15.5,1.3,5.21
0.4,109.99,9.51,1.72,129.04,1.72,129.76,44.77,34.22,4413.26,21.09,33.02,204.73,30.98,540,12.87,3.95,18.4,129.87,129.9,62.02,595.75,4499.96,67.07,12.01,84.65,12,-19.31,34.17,35.3,41.5,76.8,1.4,67.6,17.2,84.8,14.1,1.1,5.191666667
0.4,109.99,9.51,1.79,129.88,1.79,130.53,44.78,34.09,4497.03,21.32,33.31,205.19,31.38,539.98,12.81,3.94,18.55,130.68,130.7,62.6,0,4500.06,67.35,12.01,84.6,12,-19.57,34.48,31.9,44.2,76.1,1.6,67,16.4,83.4,15.3,1.3,5.203333333
0.400033,109.93811,8.980646,1.917235,131.343036,1.921101,132.143377,45.257938,33.726725,4477.76112,22.021635,34.241965,201.945258,33.013016,540.006089,12.621271,4.023152,18.67627,132.205837,132.245679,64.898579,609.11688,4500.173755,67.701913,11.887667,87.642621,12.003224,-19.960954,33.906074,37.1,41.7,78.8,1.2,64.5,16.7,81.2,16.9,1.9,5.303333333
0.400067,109.949862,8.939944,1.915942,131.334689,1.918446,132.046816,45.452674,34.140028,4433.434439,22.255484,34.568503,203.532883,32.217638,539.997273,12.640825,3.981187,18.617921,132.172858,132.200791,64.188407,606.548846,4500.100413,67.21132,11.954472,87.552388,11.998831,-19.42095,34.078916,27.9,46.5,74.4,1.6,67.3,16.7,84,14.6,1.4,5.198333333
0.400006,110.003768,8.963511,1.899598,131.149932,1.902773,131.986174,45.403246,34.09839,4514.818211,22.130975,34.415295,203.402241,32.628302,539.994906,12.575915,3.984585,18.617893,132.035008,132.050016,64.380707,610.596194,4500.091937,67.667447,11.903186,87.637424,12.000047,-19.496636,34.100083,31.3,43.5,74.8,1.6,64.6,17.8,82.4,16,1.6,5.2
0.400032,109.889836,8.984187,1.842897,130.425035,1.846242,131.290318,45.37423,33.633055,4462.57042,21.756572,33.88549,201.506136,33.28734,539.993171,12.631217,4.034722,18.624401,131.322682,131.361267,64.663568,610.485398,4500.07753,67.672617,11.86246,87.940371,12.000223,-19.409941,33.855408,34.5,42.4,76.9,1.4,66.7,16.8,83.5,15.2,1.3,5.22
0.399997,110.001975,8.970197,1.868753,130.790966,1.87149,131.613501,45.31969,33.94818,4520.907816,21.929584,34.263325,201.518509,33.431447,540.009395,12.552418,4.034553,18.632264,131.675134,131.684658,64.582472,610.58593,4500.095295,67.838969,11.840866,87.959648,11.997778,-19.776785,33.860101,31.6,45,76.6,1.7,67.7,16.4,84.1,14.7,1.2,5.236666667
0.399987,109.993241,9.031639,1.887379,131.047894,1.889623,131.641562,45.457955,33.988612,4396.43359,21.969355,34.39683,203.674093,32.625163,539.988507,12.632908,3.97741,18.601863,131.870323,131.884187,64.241475,606.570905,4500.003324,67.328345,11.948097,88.169994,11.998738,-19.482812,34.179539,26.8,46.8,73.6,1.5,67.6,16.2,83.8,14.9,1.3,5.296666667
0.399964,109.988659,8.89223,1.796705,129.97406,1.79977,130.802532,45.606422,34.153033,4430.258151,21.885488,34.119034,203.632866,32.654045,539.994274,12.632189,3.978543,18.565696,130.811288,130.836244,64.250687,604.500043,4499.920624,67.344778,11.9119,87.945349,12.001924,-19.349847,34.230566,25.5,48.7,74.2,1.5,65.3,17.7,83,15.7,1.3,5.185
0.400054,109.90279,9.042743,1.84863,130.54559,1.851341,131.345961,45.482953,33.693319,4546.554538,21.79033,33.868485,203.540391,32.843925,540.010763,12.617702,3.981124,18.662265,131.378949,131.417737,64.375528,613.899299,4500.012393,67.540484,11.8748,87.427722,12.000247,-19.473066,34.17851,25.6,50,75.6,1.6,65.4,17.7,83.1,15.7,1.2,5.251666667
0.399954,109.999126,8.981154,1.816057,130.164013,1.819562,131.020975,45.380488,34.019249,4570.445357,21.873181,34.13566,205.357548,33.081289,539.99668,12.64719,3.933884,18.578223,131.036242,131.056017,64.631904,606.893863,4499.989005,67.572551,11.836973,87.982052,12.000997,-19.673901,34.389612,31.1,44.4,75.5,1.8,66.8,16.9,83.7,14.9,1.2,5.216666667
0.399989,109.990772,9.025194,1.90286,131.232918,1.905905,131.968247,45.481204,34.018553,4399.405266,22.048434,34.43748,202.469316,32.661327,539.998615,12.600505,4.009177,18.544498,132.04654,132.068424,64.126526,605.183033,4498.482448,67.351086,11.89713,87.971231,11.999215,-19.62927,34.014832,27.5,47.3,74.8,1.5,67.6,15.9,83.5,15.2,1.3,5.255
0.400033,110.009292,9.025571,1.886028,131.028635,1.888222,131.781326,45.587388,34.053958,4443.958985,21.977765,34.266904,202.456792,32.6875,539.98766,12.55185,4.0094,18.546875,131.867266,131.871621,64.182722,607.18729,4500.278059,67.411775,11.891921,87.831742,12.000409,-19.797798,34.044794,30.8,46.3,77.1,1.4,64.5,17.9,82.4,16.2,1.4,5.168333333
0.400039,109.887985,8.871537,1.83613,130.444435,1.838412,131.147723,45.386309,33.930912,4535.387332,22.022778,34.109447,202.537993,33.006132,539.999192,12.665931,4.007373,18.550259,131.230124,131.261233,64.466002,607.586108,4500.021519,67.461222,11.867183,87.633271,11.997898,-19.415421,34.061916,28,46.2,74.2,2,65.4,17.3,82.7,16.2,1.1,5.311666667
