x1,x2,x3,x4,x5,x6,x7,x8,x9,x10,x11,x12,x13,x14,x15,x16,x17,x18,x19,x20,x21,x22,x23,x24,x25,x26,x27,x28,x29,x30,x31,x32,x33,x34,x35,x36,x37,x38,x39,x40,x41,x42,x43,x44,x45,x46,x47,x48,x49,x50,x51,x52,x53,x54,x55,x56,x57,x58,x59,x60,x61,x62,x63,x64,x65,x66,y
0.4,0,109.93,0.63,9.9,0.14,1.51,0.08,126.27,0.18,1.52,0.05,126.76,0.24,42.74,0.15,35.55,2.49,4348.79,2487.96,27.06,1.65,31.42,2.3,203.66,0.18,31.84,0.16,0,0,12.64,0.18,3.98,0,18.33,0.04,127.3,0.36,127.33,0.19,61.36,0.2,591.52,62.83,4500.06,0.81,66.07,0.06,12.03,0.3,84.12,0.36,11.97,0.1,-19,3.92,37.06,0.03,0,0,0,0,0,0,0,0,27,43.95,70.95,1.65
0.4,0,110,0.04,9.93,0.07,1.61,0.05,127.55,0.15,1.61,0.04,128.08,0.17,43.2,0.12,33.8,0.57,4207.56,2472.13,27.27,0.28,31.58,0.68,204.67,0.17,32.52,0.21,539.99,0.4,12.66,0.08,3.95,0,18.59,0.04,128.51,0.16,128.52,0.15,64.76,0.17,608.74,40.18,4500.38,3.87,66.82,0.09,11.98,0.13,86.77,0.42,11.99,0.03,-19.9,2.38,37.16,0.02,0,0,0,0,0,0,0,0,28.25,46.35,74.6,1.35
0.4,0,109.84,1.62,9.87,0.07,1.6,0.05,127.47,0.33,1.61,0.04,127.92,0.28,43.18,0.13,33.59,3.34,4255.82,2472.53,27.11,2.73,31.42,3.13,204.75,0.15,32.59,0.16,539.99,0.37,12.67,0.09,3.95,0,18.6,0.04,128.4,0.62,128.42,0.42,64.84,0.17,604.65,66.71,4500.1,1.1,66.88,0.09,12,0.05,86.36,0.73,11.99,0.03,-19.29,6.29,37.15,0.02,0,0,0,0,0,0,0,0,25.7,47.8,73.5,1.7
0.4,0,109.94,0.65,9.86,0.07,1.64,0.06,127.97,0.26,1.64,0.04,128.43,0.25,43.26,0.1,33.79,2.21,4289.72,2516.7,27.4,1.63,31.72,2.25,204.84,0.18,32.59,0.15,540.03,0.41,12.63,0.08,3.95,0,18.59,0.06,128.86,0.43,128.88,0.28,64.87,0.11,605.67,61,4494.09,63.79,66.96,0.11,11.99,0.17,86.76,0.36,12,0.03,-19.46,3.53,37.17,0.03,0,0,0,0,0,0,0,0,26.2,47.85,74.05,1.55
0.4,0,110,0.04,9.92,0.07,1.66,0.05,128.16,0.21,1.66,0.04,128.62,0.19,43.59,0.08,33.83,0.04,4268.66,2494.02,27.53,0.36,31.82,0.28,205.26,0.16,32.32,0.15,539.99,0.37,12.77,0.06,3.94,0,18.58,0.05,129.11,0.2,129.12,0.22,64.64,0.11,609.15,30.32,4500.2,1.67,66.93,0.09,12.05,0.07,86.9,0.37,12.02,0.03,-19.77,2.18,37.28,0.02,0,0,0,0,0,0,0,0,31.05,42.7,73.75,1.25
0.4,0,109.89,1.18,9.92,0.06,1.63,0.05,127.82,0.33,1.63,0.04,128.35,0.29,43.28,0.14,33.58,2.75,4357.35,2494.31,27.13,2.7,31.48,3.11,205.24,0.16,32.37,0.19,540,0.36,12.82,0.08,3.94,0,18.58,0.05,128.77,0.55,128.78,0.39,64.81,0.13,604.35,63.65,4500.03,0.34,66.86,0.12,12.04,0.06,86.24,0.72,12.01,0.03,-19.3,5.24,37.24,0.02,0,0,0,0,0,0,0,0,31.15,41.9,73.05,1.65
0.4,0,110,0.04,9.87,0.06,1.57,0.05,127.02,0.22,1.57,0.04,127.53,0.23,43.25,0.1,33.81,0.55,4256.46,2493.68,27.2,0.35,31.5,0.67,205.37,0.15,32.55,0.16,540,0.36,12.66,0.08,3.93,0,18.48,0.04,128.02,0.22,128.02,0.25,64.86,0.12,603.06,36.23,4500.31,3.28,66.67,0.06,11.98,0.14,85.85,0.68,12.01,0.03,-19.85,2.26,37.24,0.02,0,0,0,0,0,0,0,0,28.35,47.4,75.75,1.35
0.4,0,109.98,0.22,9.87,0.08,1.6,0.06,127.46,0.28,1.6,0.04,127.94,0.28,43.26,0.09,33.73,1.65,4334.14,2538.07,27.27,1.14,31.54,1.75,205.38,0.16,32.53,0.15,540.01,0.37,12.64,0.08,3.93,0,18.48,0.06,128.41,0.35,128.44,0.29,64.69,0.15,601.27,56.12,4499.97,2.57,66.81,0.09,12.01,0.1,86.52,0.39,12.01,0.03,-19.64,2.98,37.25,0.02,0,0,0,0,0,0,0,0,26.55,46.5,73.05,1.7
0.4,0,109.87,1.37,9.89,0.11,1.6,0.05,127.51,0.4,1.61,0.04,127.99,0.3,43.15,0.13,33.56,3.31,4284.16,2516.3,27.13,2.71,31.37,3.1,204.89,0.16,32.54,0.14,539.99,0.38,12.73,0.11,3.95,0,18.58,0.05,128.42,0.67,128.45,0.43,64.88,0.16,603.89,64.46,4500.25,2.68,66.69,0.15,12,0.18,86.61,0.41,12,0.03,-19.16,5.94,37.08,0.02,0,0,0,0,0,0,0,0,28.85,45.25,74.1,1.15
0.4,0,110,0.05,9.93,0.07,1.58,0.05,127.26,0.21,1.59,0.04,127.78,0.2,43,0.08,33.79,1.1,4337.92,2493.84,27.13,0.69,31.4,1.13,204.85,0.15,32.19,0.17,539.99,0.36,12.7,0.08,3.95,0,18.47,0.04,128.21,0.24,128.23,0.23,64.63,0.13,601.86,44.37,4499.99,0.35,66.79,0.1,12.02,0.09,86.87,0.4,12,0.03,-19.68,2.19,37.14,0.02,0,0,0,0,0,0,0,0,27.5,45.8,73.3,1.35
0.4,0,110,0.05,9.93,0.07,1.61,0.05,127.63,0.22,1.61,0.04,128.15,0.21,43.09,0.07,33.77,1.12,4307.61,2494.14,27.25,0.73,31.53,1.17,205,0.15,32.32,0.16,539.98,0.37,12.77,0.08,3.94,0,18.43,0.05,128.56,0.23,128.57,0.24,64.7,0.1,599.72,43.05,4500.05,0.57,66.8,0.1,12.03,0.11,86.93,0.4,12.02,0.03,-19.48,2.84,37.25,0.02,0,0,0,0,0,0,0,0,25.2,47.4,72.6,1.85
0.4,0,109.86,1.45,9.9,0.07,1.77,0.06,129.62,0.58,1.78,0.06,130.05,0.5,42.85,0.13,33.54,3.34,4235.27,2451.08,27.85,2.79,32.13,3.21,208.14,0.18,32.16,0.29,539.99,0.34,12.87,0.12,3.86,0,18.62,0.04,130.48,0.77,130.51,0.61,65.03,0.11,605.88,65.65,4500.02,0.37,66.8,0.24,12.08,0.12,86.81,0.49,12.04,0.06,-19.32,5.59,37.69,0.03,0,0,0,0,0,0,0,0,30.9,42.95,73.85,1.3
0.4,0,109.98,0.27,9.92,0.08,1.76,0.06,129.54,0.37,1.77,0.05,130.01,0.33,42.9,0.1,33.67,1.67,4327.75,2515.96,27.79,1.25,32.03,1.85,208.44,0.19,32.51,0.17,539.98,0.36,12.81,0.07,3.86,0,18.62,0.03,130.42,0.4,130.43,0.36,65.32,0.11,608.44,57.91,4497.46,26.5,66.97,0.12,12.04,0.15,87.04,0.38,12.03,0.04,-19.49,2.46,37.73,0.03,0,0,0,0,0,0,0,0,30.7,44.9,75.6,1.2
0.4,0,109.98,0.26,9.85,0.09,1.73,0.06,129.31,0.32,1.73,0.05,129.71,0.28,42.63,0.1,33.69,1.68,4265.99,2472.19,27.73,1.2,31.88,1.84,205.21,0.17,32.53,0.16,539.99,0.4,12.75,0.09,3.94,0,18.53,0.04,130.04,0.35,130.06,0.32,65.14,0.08,603.6,58.99,4497.41,27.86,66.91,0.11,12.04,0.09,85.67,0.32,12.02,0.03,-19.64,2.28,37.26,0.02,0,0,0,0,0,0,0,0,31.25,43.25,74.5,1.6
0.4,0,109.87,1.36,9.84,0.07,1.68,0.06,128.6,0.46,1.68,0.04,129.04,0.37,42.47,0.13,33.59,3.33,4288.37,2472.39,27.45,2.75,31.78,3.16,204.92,0.16,32.27,0.23,539.98,0.39,12.79,0.1,3.95,0,18.46,0.06,129.36,0.69,129.41,0.46,64.64,0.14,597.08,65.6,4499.98,0.33,66.59,0.23,12.05,0.13,86.66,0.49,12,0.04,-19.22,5.56,37.17,0.03,0,0,0,0,0,0,0,0,23.75,49.1,72.85,1.7
0.4,0,109.85,1.56,9.91,0.07,1.65,0.06,128.19,0.55,1.65,0.05,128.64,0.45,42.68,0.15,33.46,3.3,4295.06,2515.55,27.16,2.71,31.42,3.11,204.42,0.16,32.33,0.18,540,0.38,12.69,0.08,3.96,0,18.38,0.04,129.01,0.76,129.03,0.59,64.94,0.14,593.01,64.21,4500.18,2.04,66.74,0.13,12,0.12,85.71,0.52,12.02,0.04,-19.18,5.81,37.13,0.02,0,0,0,0,0,0,0,0,25.8,49.1,74.9,1.3
0.4,0,109.98,0.2,9.84,0.13,1.82,0.11,130.45,0.87,1.83,0.09,130.87,0.79,42.67,0.15,33.56,1.86,4335.78,2479.47,28.08,1.51,32.27,2.64,205.24,0.15,32.22,0.23,540.01,0.37,12.95,0.09,3.94,0,18.74,0.06,131.21,0.86,131.23,0.85,65.48,0.14,608.32,79.14,4499.95,1.09,66.97,0.18,12.11,0.15,85.23,0.4,12.11,0.05,-19.83,2.47,37.23,0.02,0,0,0,0,0,0,0,0,26.8,43.3,70.1,2.1
0.4,0,109.85,1.56,9.84,0.11,1.83,0.08,130.37,0.72,1.83,0.07,130.72,0.58,42.68,0.15,33.52,3.3,4375.12,2494.89,27.95,2.78,32.19,3.2,205.27,0.16,32.2,0.15,540.01,0.39,12.84,0.13,3.94,0,18.67,0.06,131.11,0.9,131.14,0.74,65.51,0.14,608.15,67.41,4499.99,0.3,66.8,0.14,12.06,0.12,85.73,0.28,12.04,0.07,-19.25,5.64,37.24,0.03,0,0,0,0,0,0,0,0,31,42.5,73.5,1.7
0.4,0,110,0.04,9.82,0.09,1.83,0.05,130.46,0.37,1.83,0.05,130.74,0.31,42.57,0.08,33.89,0.04,4270.64,2472.52,28.35,0.28,32.68,0.33,204.82,0.15,31.96,0.25,539.99,0.37,12.58,0.07,3.95,0,18.64,0.04,131.23,0.35,131.23,0.37,65.13,0.1,612.46,30.83,4500.01,0.52,66.89,0.22,12.04,0.1,86.45,0.49,12.03,0.03,-19.65,2.49,37.23,0.02,0,0,0,0,0,0,0,0,29.2,44.7,73.9,1.5
0.4,0,109.87,1.38,9.87,0.08,1.96,0.07,131.9,0.57,1.96,0.06,132.34,0.5,42.74,0.14,33.14,3.3,4291.97,2451.08,28.98,2.91,32.21,3.22,205,0.15,32.49,0.2,539.97,0.38,12.63,0.11,3.94,0,18.74,0.04,132.71,0.74,132.72,0.63,65.47,0.13,612.02,66.34,4499.99,0.28,67.13,0.15,12.02,0.13,85.72,0.57,12.04,0.05,-19.16,5.54,37.22,0.02,0,0,0,0,0,0,0,0,31.5,43.3,74.8,1.6
0.4,0,110,0.05,9.89,0.07,2,0.08,132.4,0.56,2.01,0.07,132.81,0.51,42.8,0.09,33.3,1.09,4323.14,2537.14,29.22,0.94,32.51,1.34,205,0.15,32.48,0.2,540,0.37,12.69,0.11,3.94,0,18.8,0.04,133.21,0.55,133.23,0.55,65.53,0.09,619.54,48.39,4500.14,1.82,67.35,0.15,12,0.17,86.07,0.29,12.05,0.06,-19.55,2.42,37.21,0.02,0,0,0,0,0,0,0,0,33,44.2,77.2,1.1
0.4,0,110,0.04,9.83,0.1,1.92,0.07,131.39,0.51,1.92,0.06,131.81,0.48,42.82,0.12,33.41,0.58,4226.71,2472.03,29.07,0.53,32.33,0.86,205.06,0.17,32.33,0.21,540,0.4,12.69,0.08,3.94,0,18.71,0.04,132.25,0.5,132.25,0.51,65.39,0.11,615.17,40.47,4498.03,20.85,67.11,0.16,12.01,0.1,86.61,0.5,12.04,0.04,-19.83,2.32,37.23,0.02,0,0,0,0,0,0,0,0,27.3,46.5,73.8,1.4
0.4,0,109.99,0.12,9.82,0.08,1.91,0.06,131.32,0.38,1.91,0.05,131.63,0.35,42.72,0.09,33.4,1.67,4266.88,2472.37,29.08,1.41,32.45,1.77,204.95,0.15,32.21,0.23,539.99,0.36,12.73,0.11,3.94,0,18.7,0.04,132.14,0.39,132.15,0.38,65.31,0.09,613.33,55.79,4500.07,1.45,66.91,0.27,12.02,0.13,86.46,0.51,12.03,0.07,-19.6,2.36,37.22,0.02,0,0,0,0,0,0,0,0,30.4,45.6,76,1.5
0.4,0,109.98,0.22,9.85,0.1,1.84,0.06,130.46,0.34,1.84,0.05,130.88,0.31,42.81,0.13,33.24,1.65,4282.27,2472.85,28.69,1.25,31.94,1.83,204.94,0.16,32.63,0.2,539.99,0.37,12.77,0.08,3.94,0,18.62,0.04,131.3,0.38,131.33,0.34,65.26,0.15,608.81,58.76,4497.99,21.43,66.97,0.11,12,0.11,85.94,0.32,12.02,0.03,-19.79,2.53,37.21,0.02,0,0,0,0,0,0,0,0,33.2,45.1,78.3,0.9
0.4,0,109.99,0.08,9.83,0.07,1.87,0.06,130.85,0.39,1.87,0.05,131.25,0.36,42.81,0.12,33.32,1.1,4324.47,2473,28.83,0.84,32.13,1.29,205,0.16,32.67,0.19,540,0.38,12.75,0.07,3.94,0,18.68,0.04,131.69,0.39,131.7,0.39,65.72,0.09,612.81,49.97,4499.97,0.42,67.06,0.15,11.99,0.11,85.68,0.56,12.03,0.03,-19.72,2.12,37.19,0.02,0,0,0,0,0,0,0,0,25,48,73,1.5
0.4,0,110,0.05,9.91,0.08,1.92,0.07,131.42,0.48,1.92,0.06,131.8,0.44,42.73,0.11,33.23,1.09,4372.1,2537.69,28.93,0.89,32.22,1.25,205.01,0.17,32.6,0.15,540,0.39,12.7,0.09,3.94,0,18.68,0.06,132.26,0.48,132.28,0.48,65.49,0.19,613.4,46.35,4500.03,0.48,67.08,0.12,12,0.08,86.13,0.37,12.03,0.05,-19.82,2.6,37.24,0.02,0,0,0,0,0,0,0,0,30.5,44,74.5,1.6
0.4,0,109.96,0.42,9.82,0.1,1.94,0.07,131.68,0.55,1.94,0.06,132.11,0.51,42.72,0.14,33.34,2.2,4255.83,2494.15,29.03,1.89,32.27,2.45,204.99,0.16,32.52,0.19,539.98,0.38,12.64,0.09,3.94,0,18.69,0.04,132.5,0.61,132.51,0.55,65.5,0.1,611.12,62.42,4500.3,3.54,67.18,0.15,12.01,0.1,86.54,0.35,12.04,0.05,-19.6,2.84,37.25,0.03,0,0,0,0,0,0,0,0,35.7,40.3,76,1.7
0.4,0,110,0.07,9.83,0.1,1.96,0.07,131.91,0.56,1.97,0.06,132.33,0.53,42.7,0.09,33.45,0.56,4361.55,2516.22,29.19,0.97,32.47,1.26,204.95,0.16,32.46,0.2,539.99,0.38,12.73,0.09,3.94,0,18.79,0.04,132.75,0.56,132.76,0.57,65.41,0.11,619.1,44.72,4499.95,0.31,67.36,0.17,12.03,0.08,85.41,0.58,12.04,0.05,-19.71,2.26,37.23,0.02,0,0,0,0,0,0,0,0,28.3,44.8,73.1,1.9
0.4,0,109.99,0.17,9.83,0.08,1.91,0.06,131.33,0.44,1.91,0.06,131.78,0.42,42.75,0.11,33.35,1.65,4288.63,2472.41,28.96,1.36,32.19,1.79,204.89,0.15,32.44,0.19,540,0.37,12.59,0.09,3.95,0,18.69,0.04,132.15,0.46,132.17,0.44,65.37,0.15,612.48,58.35,4499.88,1.23,67.02,0.11,12.01,0.09,85.9,0.37,12.04,0.04,-19.7,2.52,37.26,0.02,0,0,0,0,0,0,0,0,26,48.1,74.1,1.6
0.4,0,110,0.04,9.82,0.08,1.89,0.06,131.1,0.44,1.89,0.05,131.51,0.4,42.75,0.12,33.49,0.54,4292.08,2515.18,29,0.45,32.29,0.61,204.87,0.15,32.46,0.18,540,0.35,12.67,0.08,3.95,0,18.68,0.04,131.94,0.43,131.94,0.44,65.4,0.13,614.21,32.23,4500.5,5.37,67.06,0.11,12,0.14,85.85,0.53,12.03,0.03,-19.76,2.08,37.18,0.02,0,0,0,0,0,0,0,0,33.3,43.3,76.6,1.2
0.4,0,110,0.06,9.87,0.09,1.82,0.05,130.24,0.2,1.82,0.04,130.68,0.2,42.78,0.11,33.36,0.56,4277.9,2515.51,28.68,0.41,31.94,0.66,204.62,0.15,32.5,0.21,539.98,0.37,12.69,0.06,3.95,0,18.6,0.05,131.07,0.2,131.08,0.22,65.3,0.11,610.3,32.41,4496.59,36.81,66.87,0.09,11.96,0.09,86.19,0.37,12.01,0.03,-19.7,2.08,37.19,0.02,0,0,0,0,0,0,0,0,23.3,47.7,71,2.2
0.4,0,109.97,0.3,9.87,0.07,1.9,0.05,131.23,0.13,1.91,0.04,131.57,0.16,42.68,0.13,33.76,2.22,4255.66,2493.53,28.45,1.76,32.59,2.24,205.86,0.16,31.87,0.23,540.01,0.38,12.84,0.07,3.92,0,18.73,0.03,132.05,0.27,132.06,0.17,63.85,0.11,614.36,59.8,4500.34,3.48,67.2,0.14,12.08,0.07,86.53,0.36,12.01,0.03,-19.57,2.61,37.37,0.02,0,0,0,0,0,0,0,0,29.7,44.8,74.5,1.6
0.4,0,109.94,0.63,9.87,0.07,1.97,0.06,132.01,0.31,1.98,0.05,132.34,0.27,42.78,0.15,33.67,2.75,4339.89,2515.57,28.71,2.33,32.87,2.77,205.79,0.16,31.93,0.26,540.01,0.37,12.8,0.08,3.92,0,18.81,0.06,132.85,0.46,132.88,0.36,64.1,0.12,617.65,61.29,4500,0.41,67.34,0.15,12.06,0.07,85.52,0.6,12.03,0.04,-19.54,3.5,37.31,0.03,0,0,0,0,0,0,0,0,27.7,46.3,74,1.7
0.4,0,109.89,1.12,9.89,0.08,1.84,0.06,130.41,0.51,1.84,0.05,0,0,42.79,0.15,33.61,2.77,4252.15,2472.49,28.17,2.8,32.31,3.21,205.83,0.15,31.96,0.21,540,0.36,12.75,0.1,3.92,0,18.7,0.03,131.27,0.68,131.3,0.54,63.75,0.12,610.57,63.99,4499.27,7.55,67.07,0.13,12.05,0.14,86.19,0.35,12.04,0.05,-19.42,4.72,37.3,0.02,0,0,0,0,0,0,0,0,23.5,47.8,71.3,2
0.4,0,109.9,1,9.9,0.08,1.81,0.06,130.06,0.43,1.81,0.05,130.47,0.34,42.9,0.14,33.65,2.76,4307.72,2472.71,28.14,2.3,32.29,2.81,205.72,0.15,31.86,0.3,540,0.35,12.81,0.11,3.92,0,18.69,0.04,130.93,0.59,130.95,0.46,63.63,0.13,610.85,62.39,4499.96,0.36,66.98,0.16,12.07,0.07,85.92,0.54,12.03,0.04,-19.45,4.11,37.25,0.03,0,0,0,0,0,0,0,0,27.8,46,73.8,1.8
0.4,0,110,0.04,9.85,0.07,1.87,0.06,130.85,0.21,1.87,0.05,131.02,0.21,42.62,0.1,33.95,0.56,4255.66,2472.51,28.66,0.42,32.97,0.72,205.47,0.16,32.01,0.35,540,0.33,12.82,0.08,3.93,0,18.73,0.04,131.69,0.22,131.7,0.24,64.04,0.18,616.92,35.66,4500.12,1.3,66.64,0.36,12.07,0.13,86.66,0.49,12.02,0.03,-19.52,3,37.18,0.03,0,0,0,0,0,0,0,0,30.1,45.3,75.4,1.5
0.4,0,109.91,0.97,9.81,0.07,1.9,0.06,131.14,0.37,1.9,0.05,131.57,0.29,42.71,0.16,33.82,2.77,4279.62,2494.04,28.6,2.33,32.78,2.86,205.6,0.15,32.24,0.21,540,0.33,12.71,0.08,3.93,0,18.75,0.03,131.95,0.57,131.97,0.41,64.12,0.12,613.22,64.13,4500.12,1.49,67.08,0.18,12.04,0.06,86.62,0.36,12.02,0.04,-19.31,4.41,37.22,0.02,0,0,0,0,0,0,0,0,25.8,48.1,73.9,1.6
0.4,0,110,0.05,9.83,0.08,1.76,0.06,129.57,0.3,1.76,0.05,129.87,0.3,42.81,0.08,33.91,1.11,4352.97,2537.37,28.47,0.86,32.61,1.24,205.53,0.16,32.17,0.22,540,0.36,12.78,0.08,3.93,0,18.67,0.06,130.38,0.31,130.39,0.34,64.52,0.15,613.06,44.97,4500.12,1.03,67.1,0.14,12.01,0.04,85.85,0.62,12.02,0.03,-19.7,2.74,37.13,0.02,0,0,0,0,0,0,0,0,28,44.7,72.7,2
0.4,0,109.89,1.08,9.9,0.07,1.77,0.05,129.69,0.42,1.78,0.04,129.97,0.32,42.68,0.13,33.36,2.74,4307.96,2516.05,28.16,2.8,32.3,3.19,205.44,0.16,32.54,0.21,540,0.38,12.74,0.08,3.93,0,18.67,0.05,130.49,0.62,130.52,0.43,64.37,0.16,608.76,64.57,4500.11,1.17,66.92,0.17,11.97,0.13,86.31,0.58,12.01,0.04,-19.44,4.91,37.12,0.02,0,0,0,0,0,0,0,0,32.8,41.7,74.5,1.4
0.4,0,110,0.08,10.04,0.08,1.59,0.04,127.4,0.12,1.59,0.03,127.8,0.17,42.84,0.11,28.88,0.96,4309.35,2515.78,27.52,0.24,31.53,0.64,204.71,0.22,32.34,0.17,539.98,0.38,12.76,0.08,3.95,0,18.4,0.03,128.26,0.13,128.27,0.14,64.29,0.2,598.48,38.57,4500.04,0.87,66.37,0.19,11.97,0.07,86.41,0.39,11.99,0.03,-19.72,2.41,37.05,0.03,0,0,0,0,0,0,0,0,30.3,44.2,74.5,1.4
0.4,0,109.86,1.41,9.86,0.08,1.64,0.05,128.08,0.37,1.65,0.06,128.59,0.67,42.71,0.14,33.35,3.32,4217.79,2472.18,27.88,2.97,32.03,3.2,204.76,0.17,31.91,0.3,540.02,0.36,12.8,0.1,3.95,0,18.47,0.04,128.91,0.62,128.97,0.62,64.13,0.15,597.99,64.05,4500.39,4.01,66.25,0.33,12.03,0.05,86.65,0.56,12,0.04,-19.08,5.79,37.04,0.03,0,0,0,0,0,0,0,0,24.7,49.2,73.9,1.5
0.4,0,110,0.04,9.86,0.08,1.67,0.05,128.48,0.2,1.68,0.04,128.87,0.16,42.7,0.09,33.5,0.56,4294.23,2494.23,28.07,0.34,32.17,0.62,204.88,0.17,32.36,0.21,539.99,0.36,12.75,0.08,3.95,0,18.5,0.03,129.33,0.21,129.34,0.22,64.49,0.1,604.78,32.98,4500.03,0.69,66.39,0.12,11.99,0.14,86.81,0.4,12.01,0.02,-19.61,2.8,37.07,0.02,0,0,0,0,0,0,0,0,27.6,46.2,73.8,1.2
0.4,0,110,0.05,9.86,0.07,1.65,0.05,128.08,0.16,1.65,0.03,128.49,0.17,42.79,0.12,33.52,0.56,4298.11,2494.29,27.95,0.39,32.03,0.62,204.83,0.17,32.32,0.16,539.98,0.36,12.76,0.1,3.95,0,18.49,0.04,128.97,0.17,128.99,0.19,64.6,0.13,603.88,31.26,4500.01,0.36,66.58,0.14,11.98,0.14,85.74,0.58,12,0.04,-19.74,3.48,37.04,0.03,0,0,0,0,0,0,0,0,25,47.5,72.5,1.6
0.4,0,109.91,0.92,9.89,0.1,1.71,0.06,128.95,0.36,1.72,0.05,129.33,0.34,42.91,0.13,33.35,2.72,4341.41,2516.35,28.04,2.24,32.07,2.72,204.7,0.17,32.13,0.21,539.98,0.37,12.73,0.09,3.95,0,18.57,0.06,129.78,0.53,129.81,0.38,64.38,0.29,604.54,60.78,4500.13,1.38,66.6,0.18,12,0.07,86.59,0.38,12.01,0.04,-19.16,5.07,37.06,0.02,0,0,0,0,0,0,0,0,28.1,46.5,74.6,1.5
0.4,0,109.87,1.35,9.87,0.08,1.77,0.06,129.62,0.42,1.77,0.05,130.08,0.34,42.92,0.17,32.72,3.24,4256.45,2472.71,28.22,2.81,32.3,3.21,205.16,0.18,32.25,0.23,540,0.36,12.7,0.07,3.94,0,18.67,0.04,130.42,0.68,130.45,0.5,64.33,0.15,609.04,65.17,4500.14,1.62,66.66,0.18,12.01,0.06,86.69,0.34,12.02,0.03,-19.22,5.07,0,0,0,0,0,0,0,0,0,0,25.6,46.9,72.5,1.8
0.4,0,110,0.06,9.9,0.08,1.78,0.06,129.75,0.29,1.78,0.05,130.18,0.28,42.88,0.09,33.37,0.55,4353.02,2559.2,28.42,0.4,32.49,0.79,205.4,0.16,32.13,0.43,540,0.36,12.72,0.09,3.93,0,18.65,0.05,130.58,0.31,130.59,0.31,64.47,0.24,611.9,41.1,4497.98,22.08,67.12,0.14,12,0.06,86.17,0.35,12.01,0.05,-19.77,3.94,37.11,0.02,0,0,0,0,0,0,0,0,28.3,47.3,75.6,1.2
0.4,0,109.99,0.16,9.82,0.11,1.83,0.06,130.39,0.42,1.83,0.05,130.71,0.37,42.69,0.11,33.8,1.67,4306.93,2494.5,28.69,1.34,32.85,1.76,205.25,0.17,32,0.3,540.01,0.36,12.72,0.07,3.94,0,18.75,0.04,131.17,0.43,131.18,0.43,64.67,0.12,616.17,54.47,4500,1.62,67.03,0.34,12.04,0.1,86.52,0.5,12.03,0.04,-19.62,2.47,37.1,0.03,0,0,0,0,0,0,0,0,32.5,42.2,74.7,1.6
0.4,0,109.99,0.2,10,0.07,1.74,0.06,129.32,0.26,1.74,0.05,129.49,0.19,42.91,0.11,28.71,1.42,4244.15,2493.98,28.02,1.22,32.09,1.76,205.24,0.16,32.28,0.22,540.01,0.35,12.79,0.12,3.94,0,18.63,0.04,130.16,0.32,130.18,0.28,64.64,0.14,609.07,57.31,4500.26,5.11,67.07,0.15,12,0.08,86.82,0.34,12.02,0.03,-19.65,2.72,37.1,0.02,0,0,0,0,0,0,0,0,26.4,47,73.4,1.7
0.4,0,109.92,0.79,10.08,0.07,1.71,0.05,128.87,0.37,1.71,0.04,129.26,0.29,42.89,0.13,28.05,2.78,4322.89,2494.85,27.68,2.75,31.72,3.13,204.96,0.17,32.36,0.21,540,0.38,12.75,0.08,3.94,0,18.6,0.06,129.7,0.62,129.73,0.4,64.31,0.13,604.95,64.36,4499.96,0.37,66.98,0.12,11.97,0.15,85.78,0.6,12.01,0.03,-19.5,3.48,37.01,0.02,0,0,0,0,0,0,0,0,26.5,45.4,71.9,2
0.4,0,109.87,1.3,10.05,0.06,1.79,0.06,129.86,0.52,1.79,0.05,130.26,0.36,42.88,0.15,28.27,2.79,4336.98,2517.59,28.03,2.76,32.04,3.16,205.09,0.16,32.42,0.17,539.99,0.37,12.8,0.07,3.94,0,18.7,0.04,130.65,0.75,130.68,0.55,64.76,0.13,610.33,65.59,4500.06,0.67,67.01,0.11,11.99,0.13,86.12,0.37,12.02,0.03,-19.29,5.03,37.05,0.02,0,0,0,0,0,0,0,0,31.1,44.7,75.8,1.3
0.4,0,109.92,0.92,10.06,0.07,1.74,0.06,129.31,0.52,1.74,0.05,129.71,0.45,42.74,0.2,28.58,2.8,4339.65,2537.32,27.81,2.76,31.86,3.14,205.16,0.2,32.22,0.18,540,0.36,12.82,0.08,3.94,0,18.67,0.05,130.07,0.74,130.1,0.52,64.38,0.36,608.62,65.13,4498.25,18.84,67.19,0.15,12.01,0.07,86.58,0.47,11.99,0.06,-19.2,5.17,37.08,0.03,0,0,0,0,0,0,0,0,31.6,43.6,75.2,1.3
0.4,0,109.98,0.23,9.85,0.07,1.76,0.06,129.6,0.29,1.76,0.05,129.8,0.23,42.56,0.12,33.44,1.66,4286.09,2473.1,28.43,1.23,32.57,1.92,204.96,0.15,31.96,0.35,540,0.36,12.76,0.1,3.94,0,18.68,0.04,130.36,0.35,130.37,0.29,64.4,0.13,611.35,62.06,4498.82,11.93,66.72,0.32,12.03,0.12,86.84,0.51,12.01,0.03,-19.52,3.11,37.14,0.02,0,0,0,0,0,0,0,0,33.4,40,73.4,1.8
0.4,0,109.99,0.1,9.85,0.07,1.75,0.05,129.48,0.26,1.76,0.04,129.67,0.26,42.78,0.11,33.29,1.09,4330.15,2537.48,28.3,1.25,32.39,1.7,204.99,0.15,32.13,0.16,540,0.37,12.8,0.07,3.94,0,18.65,0.04,130.29,0.31,130.31,0.27,64.54,0.15,610.72,55.01,4500.47,4.89,67.06,0.16,12.03,0.07,86.88,0.42,12.01,0.03,-19.76,2.6,37.15,0.02,0,0,0,0,0,0,0,0,25.3,47.3,72.6,1.7
0.4,0,109.98,0.2,9.85,0.06,1.75,0.06,129.44,0.43,1.75,0.05,129.84,0.38,42.87,0.1,33.36,1.65,4290.27,2494.54,28.32,1.23,32.36,1.82,204.95,0.16,32.63,0.24,540,0.37,12.71,0.09,3.94,0,18.62,0.05,130.22,0.45,130.23,0.44,64.84,0.14,608.66,59.2,4496.95,24.47,67,0.17,11.98,0.07,86.34,0.57,12.02,0.03,-19.59,2.7,37.11,0.02,0,0,0,0,0,0,0,0,30.1,43.6,73.7,1.5
0.4,0,109.99,0.15,10.04,0.08,1.85,0.08,130.67,0.56,1.85,0.06,131.02,0.49,42.94,0.09,28.67,1.41,4371.09,2558.97,28.41,1.35,32.43,2.03,204.92,0.17,32.53,0.16,540,0.38,12.68,0.1,3.95,0,18.71,0.06,131.42,0.62,131.45,0.55,65.07,0.23,612.7,59.21,4494.26,64.3,67.11,0.21,11.99,0.07,86.73,0.44,12.04,0.05,-19.7,3.87,37.11,0.02,0,0,0,0,0,0,0,0,27.3,45.7,73,1.6
0.4,0,109.95,0.52,9.84,0.08,1.79,0.06,130,0.34,1.8,0.05,130.16,0.24,42.73,0.11,33.34,2.2,4265.68,2472.92,28.56,1.79,32.69,2.39,204.9,0.15,31.95,0.27,539.98,0.35,12.72,0.09,3.95,0,18.68,0.03,130.76,0.46,130.78,0.35,64.55,0.12,610.52,61.6,4497.83,23.46,66.63,0.35,12.02,0.15,86.59,0.47,12.03,0.04,-19.56,2.83,37.08,0.02,0,0,0,0,0,0,0,0,26.3,45.5,71.8,1.7
0.4,0,109.96,0.37,9.85,0.1,1.81,0.06,130.16,0.34,1.81,0.05,130.09,0.32,42.69,0.09,32.8,2.16,4240.66,2472.56,28.58,1.84,32.75,2.36,205.16,0.15,32.04,0.31,539.99,0.33,12.74,0.1,3.94,0,18.69,0.04,130.95,0.43,130.97,0.36,64.6,0.09,611.46,61.28,4499.77,1.87,66.63,0.36,12.04,0.12,86.75,0.55,12.02,0.06,-19.43,2.85,37.12,0.03,0,0,0,0,0,0,0,0,32.5,40.5,73,1.7
0.4,0,110,0.05,9.86,0.07,1.8,0.06,130.01,0.41,1.8,0.05,130.41,0.36,42.92,0.1,32.88,0.54,4324.62,2472.53,28.55,0.45,32.63,0.73,205.25,0.18,32.32,0.21,540.01,0.38,12.71,0.07,3.94,0,18.66,0.04,130.81,0.4,130.82,0.41,64.58,0.1,612.83,38.86,4500.02,0.33,66.9,0.16,11.99,0.26,86.93,0.36,12.03,0.04,-19.74,2.59,37.15,0.03,0,0,0,0,0,0,0,0,24.6,48.7,73.3,1.9
0.4,0,109.99,0.14,9.99,0.06,1.79,0.06,129.9,0.36,1.79,0.05,130.31,0.34,42.88,0.08,28.76,1.41,4331.48,2537.27,28.24,1.3,32.31,1.7,205.21,0.16,32.57,0.22,540,0.37,12.75,0.08,3.94,0,18.68,0.04,130.7,0.38,130.71,0.38,64.64,0.16,612.54,53.15,4500.21,2.73,67.03,0.23,12,0.08,85.93,0.66,12.02,0.04,-19.69,2.73,37.13,0.03,0,0,0,0,0,0,0,0,27,44.2,71.2,1.7
0.4,0,110,0.06,9.85,0.06,1.85,0.07,130.67,0.49,1.85,0.06,131.08,0.45,42.83,0.12,33.03,1.08,4326.41,2494.57,28.75,0.89,32.82,1.3,205.18,0.16,32.53,0.18,540.01,0.36,12.79,0.09,3.94,0,18.77,0.05,131.43,0.48,131.44,0.49,64.92,0.12,618.15,47.46,4499.98,0.38,66.91,0.25,12.01,0.07,86.27,0.58,12.03,0.04,-19.58,2.68,37.12,0.02,0,0,0,0,0,0,0,0,26.1,47.7,73.8,1.8
0.4,0,110.06,0.43,10.05,0.08,1.78,0.05,129.84,0.35,1.78,0.04,130.23,0.32,42.83,0.09,29.09,1.87,4347.89,2516.2,28.19,0.34,32.26,0.76,205.33,0.16,32.66,0.18,540,0.37,12.68,0.08,3.93,0,18.63,0.05,130.6,0.35,130.61,0.36,64.54,0.29,611.1,39.22,4499.99,0.4,66.9,0.2,11.98,0.08,86.71,0.33,12.03,0.03,-19.87,2.96,37.15,0.02,0,0,0,0,0,0,0,0,30.7,43.6,74.3,1.1
0.4,0,109.98,0.28,9.87,0.07,1.8,0.06,130.03,0.44,1.8,0.05,130.44,0.41,42.84,0.11,32.65,1.6,4276.57,2494.24,28.45,1.8,32.51,2.24,204.82,0.14,32.48,0.25,539.99,0.33,12.72,0.09,3.95,0,18.66,0.05,130.88,0.48,130.88,0.47,64.41,0.13,610.85,59.21,4492.59,79.25,66.86,0.23,11.98,0.07,86.01,0.65,12.03,0.04,-20.01,2.35,37.09,0.02,0,0,0,0,0,0,0,0,24.8,47.5,72.3,1.7
0.4,0,110,0.25,10.01,0.05,1.74,0.06,129.24,0.3,1.74,0.04,129.69,0.27,42.85,0.09,28.23,0.56,4320.03,2539.24,28.07,0.37,32.12,0.68,204.85,0.15,32.66,0.19,540,0.36,12.75,0.07,3.95,0,18.57,0.04,130.12,0.3,130.13,0.3,64.41,0.12,608.42,33.2,4500.97,10.56,66.77,0.21,11.97,0.07,86.35,0.4,12.02,0.03,-20.3,2.61,37.1,0.02,0,0,0,0,0,0,0,0,23.3,48.6,71.9,1.9
0.4,0,109.95,0.54,10,0.05,1.77,0.05,129.6,0.35,1.77,0.04,130.03,0.29,42.85,0.12,28.17,2.34,4275.08,2472.81,28.02,2.27,32.07,2.72,204.8,0.15,32.65,0.17,540,0.37,12.73,0.08,3.95,0,18.66,0.04,130.42,0.48,130.43,0.38,64.56,0.12,609.5,61.14,4500,0.37,66.76,0.15,11.98,0.14,86.15,0.68,12.02,0.03,-20.06,2.93,37.07,0.02,0,0,0,0,0,0,0,0,28.4,45.5,73.9,1.7
0.4,0,109.96,0.45,10.01,0.06,1.8,0.06,130.02,0.4,1.8,0.05,130.42,0.34,42.81,0.09,28.25,1.85,4353.29,2537.45,28.2,1.76,32.22,2.38,204.84,0.14,32.39,0.15,540,0.34,12.7,0.11,3.95,0,18.66,0.06,130.82,0.55,130.85,0.4,64.47,0.18,609.92,60.74,4500.17,1.47,66.81,0.18,12,0.08,86.66,0.4,12.02,0.05,-20.13,2.56,37.09,0.02,0,0,0,0,0,0,0,0,25.6,48.5,74.1,1.4
0.4,0,109.95,0.53,9.86,0.07,1.71,0.06,128.92,0.23,1.71,0.04,129.18,0.16,42.76,0.09,33.27,2.19,4288.43,2472.69,28.09,1.7,32.13,2.26,204.97,0.15,32.03,0.3,540.01,0.36,12.95,0.07,3.94,0,18.64,0.03,129.72,0.38,129.74,0.24,64.71,0.12,608.76,60.7,4499.99,0.35,66.45,0.14,12.02,0.07,87.22,0.36,12,0.03,-19.47,3.16,37.15,0.02,0,0,0,0,0,0,0,0,34.6,40.9,75.5,1.4
0.4,0,109.92,0.84,10.11,0.06,1.66,0.06,128.27,0.34,1.66,0.04,128.46,0.31,42.81,0.11,28.37,2.33,4310.35,2494.44,27.44,2.17,31.43,2.7,205.1,0.16,32.32,0.29,539.98,0.34,12.95,0.08,3.94,0,18.6,0.04,129.13,0.55,129.16,0.35,64.49,0.16,605.47,62.78,4499.99,0.33,66.5,0.09,11.98,0.1,86.7,0.58,11.99,0.05,-19.53,4.1,37.14,0.02,0,0,0,0,0,0,0,0,29.5,44.2,73.7,1.6
0.4,0,109.91,0.86,10,0.06,1.75,0.05,129.38,0.32,1.75,0.04,129.65,0.23,42.8,0.1,28.57,1.87,4308.88,2517.49,27.97,2.24,31.97,2.77,205.1,0.15,32.44,0.22,539.99,0.34,12.95,0.09,3.94,0,18.71,0.04,130.18,0.58,130.21,0.37,64.55,0.11,611.62,63.82,4500.15,1.21,66.62,0.11,12,0.05,87.11,0.48,12.01,0.03,-19.4,4.15,37.12,0.02,0,0,0,0,0,0,0,0,23.6,50.1,73.7,1.8
0.4,0,109.86,1.47,9.87,0.08,1.68,0.06,128.64,0.43,1.68,0.04,128.84,0.29,42.79,0.15,32.74,2.71,4222.01,2472.99,27.98,2.81,32.07,3.2,204.66,0.16,31.8,0.34,539.99,0.39,12.91,0.1,3.95,0,18.57,0.04,129.37,0.68,129.39,0.45,64.41,0.11,603.17,66.16,4500.08,1.13,66.46,0.36,12.04,0.06,86.92,0.56,12.01,0.05,-19.33,4.59,37.06,0.03,0,0,0,0,0,0,0,0,36,41.5,77.5,1.2
0.4,0,110,0.07,9.88,0.06,1.67,0.05,128.52,0.15,1.67,0.04,128.8,0.13,42.83,0.1,32.67,1.08,4297.38,2494.71,28.03,0.67,32.06,1.21,204.72,0.15,32.02,0.22,539.99,0.36,12.89,0.07,3.95,0,18.56,0.04,129.29,0.18,129.3,0.18,64.37,0.12,606.34,49.26,4500.02,0.59,66.42,0.17,12,0.15,87.14,0.4,12,0.03,-19.75,2.57,37.08,0.02,0,0,0,0,0,0,0,0,28.1,45.8,73.9,1.5
0.4,0,109.99,0.25,10.07,0.07,1.69,0.05,128.73,0.31,1.69,0.04,129.05,0.27,42.91,0.1,28.24,0.94,4328.05,2537.68,27.78,0.77,31.8,1.14,204.76,0.16,32.24,0.24,539.98,0.38,12.78,0.1,3.95,0,18.58,0.05,129.54,0.31,129.54,0.31,64.29,0.16,607.46,48.05,4498.6,14.75,66.5,0.13,11.98,0.06,86.48,0.59,12,0.04,-19.8,3.5,37.1,0.02,0,0,0,0,0,0,0,0,22.6,47.9,70.5,1.9
0.4,0,109.99,0.24,10.01,0.07,1.75,0.05,129.49,0.29,1.75,0.04,129.83,0.22,42.91,0.09,28.42,0.52,4310.14,2495.32,28.19,0.42,32.2,0.66,205.23,0.14,32.02,0.24,540.01,0.34,12.78,0.08,3.94,0,18.67,0.03,130.28,0.3,130.29,0.3,64.8,0.15,613.87,35.83,4500.12,1.26,66.86,0.2,12.03,0.05,86.68,0.34,12.02,0.03,-19.8,2.89,37.09,0.02,0,0,0,0,0,0,0,0,24.8,49.5,74.3,1.5
0.4,0,110,0.07,9.99,0.06,1.71,0.06,128.97,0.26,1.71,0.05,129.16,0.21,42.89,0.09,28.97,0.58,4240.32,2494.32,28.19,0.47,32.28,0.81,204.92,0.14,31.57,0.38,539.99,0.32,12.73,0.07,3.95,0,18.59,0.04,129.77,0.26,129.78,0.28,64.38,0.11,609.04,38.44,4485.71,152.65,66.75,0.23,12.04,0.09,86.78,0.48,12.01,0.03,-19.56,2.69,37.02,0.02,0,0,0,0,0,0,0,0,27.6,46,73.6,1.3
0.4,0,109.99,0.22,10.01,0.06,1.69,0.05,128.71,0.18,1.69,0.04,129.16,0.19,43,0.07,28.37,1.41,4362.05,2494.65,27.87,1.18,31.87,1.64,205.03,0.14,31.69,0.25,540,0.32,12.72,0.08,3.94,0,18.57,0.05,129.5,0.23,129.53,0.18,64.22,0.14,606.59,52.54,4499.91,0.73,67.1,0.12,12.02,0.06,86.86,0.39,12,0.03,-19.8,2.97,37.02,0.02,0,0,0,0,0,0,0,0,23.9,48.8,72.7,1.6
0.4,0,109.98,0.32,10.01,0.07,1.66,0.06,128.35,0.51,1.67,0.05,128.83,0.45,42.97,0.12,28.29,1.43,4249.06,2495.38,27.78,1.22,31.68,1.85,205.26,0.14,31.71,0.24,540.01,0.33,12.76,0.1,3.94,0,18.48,0.04,129.15,0.53,129.19,0.47,64.61,0.16,600.97,58.63,4495.02,57.13,66.91,0.12,12.03,0.1,86.97,0.5,12.03,0.05,-19.72,2.89,37.17,0.03,0,0,0,0,0,0,0,0,26.9,44.6,71.5,1.7
0.4,0,110,0.17,10,0.06,1.77,0.06,129.78,0.35,1.78,0.05,130.21,0.33,42.9,0.1,28.38,0.95,4361.12,2516.5,28.31,0.82,32.28,1.24,205.26,0.13,31.78,0.16,539.99,0.33,12.74,0.08,3.94,0,18.69,0.05,130.54,0.35,130.55,0.37,64.55,0.11,613.97,46.63,4499.96,0.43,67.05,0.11,12.04,0.08,85.99,0.58,12.03,0.03,-19.69,2.64,37.18,0.02,0,0,0,0,0,0,0,0,24.8,49.1,73.9,1.7
0.4,0,109.91,1.01,10,0.05,1.72,0.06,129.12,0.36,1.72,0.04,129.54,0.31,42.91,0.11,28.32,2.82,4244.77,2472.83,27.89,2.78,31.83,3.17,205.39,0.14,31.85,0.2,540.01,0.33,12.77,0.09,3.93,0,18.58,0.06,129.85,0.69,129.88,0.45,64.44,0.12,603.27,67.73,4500.08,1.12,66.83,0.09,12.06,0.07,86.42,0.41,12.02,0.03,-19.4,4.27,37.2,0.02,0,0,0,0,0,0,0,0,33.1,43.8,76.9,1.4
0.4,0,109.94,0.7,10,0.06,1.74,0.06,129.42,0.38,1.75,0.05,129.76,0.32,42.87,0.11,28.36,2.36,4286.81,2472.26,28.07,2.28,32.02,2.76,205.12,0.13,31.69,0.21,540,0.31,12.79,0.08,3.94,0,18.64,0.05,130.15,0.55,130.17,0.41,64.66,0.16,607.65,62.97,4499.99,0.37,67,0.13,12.03,0.11,86.39,0.6,12.02,0.04,-19.53,3.86,37.13,0.02,0,0,0,0,0,0,0,0,26.8,44.9,71.7,1.8
0.4,0,109.97,0.33,9.81,0.07,1.74,0.06,129.47,0.47,1.75,0.05,129.76,0.43,42.84,0.1,34.03,2.26,4202.76,2450.8,28.61,1.79,32.64,2.29,206.4,0.15,30.61,0.46,540.02,0.33,12.75,0.1,3.91,0,18.45,0.07,130.17,0.51,130.19,0.47,64.27,0.12,599.47,57.88,4500.2,2.25,66.55,0.26,12.13,0.1,86.79,0.57,12.03,0.04,-19.43,2.87,37.33,0.03,0,0,0,0,0,0,0,0,28.2,47.5,75.7,1.2
0.4,0,109.97,0.36,10.04,0.05,1.74,0.06,129.39,0.33,1.74,0.05,129.72,0.25,42.82,0.09,28.69,1.89,4244.93,2493.68,28.07,1.73,31.97,2.33,206.44,0.23,31.27,0.28,540.02,0.33,12.72,0.08,3.91,0,18.53,0.04,130.13,0.49,130.15,0.35,64.49,0.11,602.74,60.34,4500.45,4.22,66.83,0.13,12.08,0.08,87.11,0.36,12.02,0.03,-19.54,3.11,37.34,0.04,0,0,0,0,0,0,0,0,24.7,47.2,71.9,1.7
0.4,0,109.96,0.35,10.03,0.19,1.66,0.25,128.4,3.23,1.68,0.32,129.71,3.78,42.85,0.09,28.82,2.29,4228.43,2474.32,26.92,6.13,31.26,5.8,205.68,0.14,30.8,0.37,540,0.33,12.75,0.37,3.93,0,18.46,0.05,129.09,3.49,129.19,3.55,64.26,0.21,590.7,85.18,4497.24,30.38,66.48,0.39,12.09,0.28,86.7,0.6,12.07,0.25,-19.82,4.4,37.26,0.02,0,0,0,0,0,0,0,0,24.1,47.3,71.4,2.1
0.4,0,109.98,0.31,10.08,0.07,1.69,0.06,128.8,0.19,1.7,0.04,129.63,0.16,42.66,0.09,28.44,1.45,4307.87,2494.35,28,1.17,31.69,1.81,205.61,0.14,31.99,0.2,540,0.34,12.67,0.06,3.93,0,18.53,0.04,129.56,0.3,129.58,0.22,64.04,0.12,603.19,60.25,4496.57,37.92,66.83,0.12,11.97,0.23,87.22,0.34,12.01,0.02,-19.69,3.32,37.27,0.02,0,0,0,0,0,0,0,0,29.2,45.4,74.6,1.6
0.4,0,109.99,0.12,9.96,0.08,1.72,0.06,129.12,0.29,1.72,0.04,129.91,0.33,42.72,0.09,33.46,1.64,4364.87,2516.01,28.32,1.27,32.05,1.74,205.54,0.14,31.84,0.14,539.99,0.33,12.72,0.07,3.93,0,18.55,0.06,129.85,0.35,129.87,0.32,64.14,0.14,605.1,57.19,4499.96,0.58,66.91,0.1,12.03,0.08,86.1,0.59,12.01,0.04,-19.77,2.71,37.22,0.02,0,0,0,0,0,0,0,0,26.2,46.9,73.1,1.9
0.4,0,109.95,0.42,10,0.09,1.73,0.09,129.37,0.54,1.74,0.07,130.22,0.45,42.8,0.13,28.21,2.05,4240.87,2454.16,28.29,1.95,31.99,2.95,206.03,0.23,31.79,0.37,540,0.34,12.76,0.08,3.92,0,18.62,0.07,130.09,0.7,130.13,0.56,64.78,0.15,601.58,78.97,4500.4,4.03,66.81,0.37,12.12,0.21,86.72,0.63,12.05,0.03,-19.65,3.18,37.31,0.04,0,0,0,0,0,0,0,0,24.7,48.7,73.4,1.6
0.4,0,110,0.17,10,0.06,1.78,0.07,129.82,0.47,1.78,0.06,130.37,0.33,42.84,0.08,28.35,0.52,4336.86,2472.55,28.5,0.41,32.23,0.86,206.09,0.15,32.22,0.18,540,0.34,12.73,0.07,3.92,0,18.62,0.04,130.59,0.48,130.59,0.5,64.66,0.21,610.5,41.81,4499.97,0.3,67.17,0.18,12.08,0.1,87.26,0.38,12.03,0.03,-19.87,2.47,37.33,0.03,0,0,0,0,0,0,0,0,30.8,42.6,73.4,1.7
0.4,0,110,0.08,10.04,0.08,1.9,0.11,130.89,1.41,1.9,0.11,131.01,1.19,42.69,0.08,28.9,0.95,4345.39,2515.89,28.54,1.03,32.15,1.49,206.08,0.25,31.86,0.15,539.99,0.35,12.81,0.11,3.92,0.01,18.71,0.06,132.02,1.18,132.02,1.2,64.41,0.16,614.44,53.21,4500,0.68,67.21,0.15,12.13,0.11,86.15,0.68,12.07,0.07,-19.69,2.97,37.36,0.04,0,0,0,0,0,0,0,0,35.8,41.1,76.9,1.3
0.4,0,109.99,0.16,9.6,0.56,1.69,0.06,128.77,0.34,1.69,0.05,129.08,0.35,42.7,0.11,29,1.73,4262.72,2451,28.92,1.68,32.68,2.09,206.57,0.5,31.22,0.38,540,0.35,12.75,0.07,3.9,0.01,18.47,0.06,129.49,0.39,129.5,0.37,64.66,0.16,600.24,60.24,4499.94,0.58,66.74,0.21,12.1,0.07,88.17,0.69,12.01,0.03,-19.44,3.94,37.41,0.11,0,0,0,0,0,0,0,0,24.6,47.9,72.5,1.6
0.4,0,109.9,0.97,10.09,0.05,1.67,0.05,128.46,0.37,1.67,0.04,129.11,0.21,42.75,0.12,27.95,2.77,4255.6,2494.08,27.77,2.77,31.44,3.12,207.19,0.15,31.81,0.21,540,0.36,12.71,0.08,3.89,0,18.47,0.04,129.2,0.61,129.23,0.36,64.29,0.18,597.23,66.4,4500.38,3.88,66.85,0.11,12.05,0.06,88.46,0.47,12.01,0.03,-19.34,4.38,37.55,0.02,0,0,0,0,0,0,0,0,26.2,45.4,71.6,1.7
0.4,0,109.98,0.24,9.87,0.08,1.76,0.07,129.68,0.46,1.76,0.06,130.47,0.41,42.7,0.11,32.14,1.59,4314.77,2495.95,28.7,1.32,32.34,1.88,206.64,0.44,31.75,0.37,539.99,0.34,12.83,0.07,3.9,0.01,18.69,0.06,130.39,0.46,130.39,0.45,64.82,0.14,612.18,61.6,4496.95,32.78,67.02,0.18,12.08,0.14,88.41,0.64,12.02,0.04,-19.58,2.62,37.42,0.09,0,0,0,0,0,0,0,0,29.1,42.7,71.8,1.9
0.4,0,109.99,0.2,9.99,0.08,1.76,0.06,129.52,0.32,1.76,0.04,130.11,0.24,42.84,0.1,27.67,0.95,4262.86,2451.18,28.57,1.31,32.31,1.77,207.21,0.18,31.08,0.46,540,0.36,12.75,0.07,3.89,0,18.61,0.04,130.33,0.35,130.34,0.33,64.73,0.11,608.44,56.79,4499.99,0.43,66.96,0.25,12.13,0.07,88.16,0.67,12.02,0.03,-19.64,2.99,37.55,0.03,0,0,0,0,0,0,0,0,22.8,48.2,71,2
0.4,0,110,0.04,9.82,0.07,1.73,0.06,129.18,0.34,1.73,0.05,129.58,0.37,42.78,0.09,33.21,1.11,4230.01,2472.6,28.72,0.91,32.48,1.21,207.37,0.3,31.11,0.43,540,0.38,12.77,0.07,3.88,0.01,18.56,0.05,129.97,0.34,129.98,0.36,65.06,0.22,606.97,45.71,4500.27,2.89,66.91,0.25,12.12,0.06,88.39,0.67,12.02,0.03,-19.96,4.29,37.56,0.06,0,0,0,0,0,0,0,0,26.1,45.4,71.5,1.4
0.4,0,109.97,0.33,9.85,0.09,1.74,0.09,129.43,0.34,1.75,0.06,130.18,0.27,42.78,0.11,32.57,2.29,4244.61,2467.09,28.55,1.89,32.25,2.35,207.62,0.16,32.24,0.25,539.99,0.39,12.75,0.34,3.88,0,18.68,0.05,130.16,0.41,130.17,0.36,64.64,0.36,610.36,65.26,4499.96,0.36,67.25,0.13,12,0.47,87.79,0.68,12,0.21,-19.67,2.65,37.62,0.03,0,0,0,0,0,0,0,0,28.5,45.3,73.8,1.6
0.4,0,109.97,0.37,9.88,0.1,1.76,0.06,129.59,0.32,1.76,0.05,130.26,0.36,42.83,0.09,32.78,2.14,4361.41,2494.04,28.57,1.77,32.22,2.26,207.03,0.4,32.1,0.21,540,0.37,12.82,0.09,3.89,0.01,18.68,0.06,130.35,0.43,130.37,0.34,64.31,0.15,611.1,59.92,4500.04,0.32,67.11,0.11,12.08,0.07,88.46,0.42,12.01,0.05,-19.63,3.3,37.51,0.07,0,0,0,0,0,0,0,0,28.8,44.2,73,1.6
0.4,0,109.92,0.82,9.89,0.07,1.8,0.06,130.01,0.44,1.8,0.05,130.65,0.35,42.79,0.1,32.69,2.71,4245.92,2472.38,20.77,1.69,32.73,2.88,205.8,0.16,31.15,0.46,539.99,0.38,12.75,0.1,3.92,0,18.67,0.04,130.84,0.58,130.86,0.44,64.44,0.13,609.28,63.66,4500.07,0.9,66.8,0.25,12.16,0.11,87.94,0.68,12.03,0.04,-19.23,4.18,37.35,0.03,0,0,0,0,0,0,0,0,30.4,44.9,75.3,1.3
0.4,0,109.99,0.17,10.04,0.1,1.73,0.06,129.13,0.27,1.73,0.05,129.91,0.27,42.69,0.15,27.88,1.38,4362.54,2515.78,20.46,0.9,31.9,1.76,206.62,0.29,31.51,0.31,540.01,0.38,12.85,0.08,3.9,0.01,18.66,0.07,129.96,0.35,129.98,0.28,64.79,0.18,611.18,57.32,4499.73,3.12,66.73,0.16,12.01,0.07,88.16,0.47,12,0.05,-19.76,3.68,37.39,0.06,0,0,0,0,0,0,0,0,27,44.8,71.8,1.7
0.4,0,109.92,0.85,10.05,0.06,1.67,0.05,128.41,0.31,1.67,0.03,129.02,0.26,42.71,0.12,27.82,2.3,4250.3,2450.67,20.29,1.63,31.79,2.77,206.66,0.16,30.99,0.42,540,0.37,12.81,0.08,3.9,0,18.54,0.05,129.21,0.53,129.24,0.27,64.36,0.11,601.98,62.72,4499.99,0.35,66.68,0.21,12.01,0.19,88.16,0.62,12,0.03,-19.27,4.24,37.44,0.02,0,0,0,0,0,0,0,0,31.4,43.7,75.1,1.6
0.4,0,109.99,0.23,10.09,0.06,1.7,0.05,128.89,0.18,1.71,0.04,129.7,0.16,42.7,0.12,27.27,1.36,4278.1,2515.29,20.37,0.83,31.8,1.75,206.82,0.16,31.5,0.27,540,0.37,12.71,0.07,3.9,0,18.58,0.04,129.7,0.25,129.72,0.19,64.49,0.12,606.45,59.18,4494.78,54.68,66.85,0.09,11.98,0.09,88.33,0.47,12.01,0.03,-19.69,3.16,37.47,0.02,0,0,0,0,0,0,0,0,27.1,45,72.1,2.1
0.4,0,109.98,0.24,10.04,0.06,1.81,0.07,130.21,0.43,1.81,0.06,130.94,0.39,42.74,0.11,27.29,1.34,4384.51,2515.68,20.73,0.95,32.26,1.81,206.83,0.15,31.74,0.26,540,0.36,12.76,0.08,3.9,0,18.74,0.06,130.98,0.46,130.99,0.45,65.12,0.11,615.25,60.5,4499.79,2.28,67.14,0.16,11.99,0.06,87.64,0.73,12.02,0.05,-19.77,2.91,37.42,0.02,0,0,0,0,0,0,0,0,27.9,46,73.9,1.9
0.4,0,109.94,0.58,9.86,0.06,1.77,0.05,129.71,0.33,1.77,0.04,130.43,0.26,42.52,0.12,31.74,2.11,4232.96,2472.32,20.78,1.31,32.33,2.47,206.97,0.16,31.57,0.2,539.99,0.39,12.68,0.07,3.89,0,18.67,0.04,130.45,0.46,130.47,0.35,64.92,0.11,609.71,62.68,4500.15,1.48,67.15,0.14,12,0.06,88.32,0.75,12.02,0.03,-19.5,3.45,37.47,0.02,0,0,0,0,0,0,0,0,24.4,46.9,71.3,1.9
0.4,0,110,0.14,9.99,0.06,1.76,0.06,129.62,0.36,1.76,0.05,130.4,0.31,42.74,0.1,27.51,0.93,4271.01,2472.47,20.7,0.59,32.24,1.18,207.13,0.17,31.54,0.22,540,0.38,12.73,0.05,3.89,0,18.67,0.04,130.37,0.34,130.37,0.37,65.05,0.11,612.7,47.57,4500.06,0.61,67.12,0.11,12,0.04,88.26,0.74,12.02,0.03,-19.63,2.51,37.49,0.03,0,0,0,0,0,0,0,0,25.4,47.2,72.6,1.8
0.4,0,109.87,1.27,9.31,0.09,1.9,0.07,131.13,0.55,1.91,0.06,131.8,0.43,44.98,0.13,36.82,3.74,4231.54,2450.76,19.78,2.03,33.14,3.38,198.77,0.15,31.53,0.33,540,0.33,12.46,0.1,4.11,0,18.57,0.04,132.01,0.76,132.04,0.57,62.51,0.14,602.39,68.5,4500.06,0.96,67.18,0.28,11.97,0.09,88.19,0.67,12.04,0.05,-18.94,6.06,36.89,0.02,158.7,0.12,66.33,0.22,-6.3,0.01,0,0,32.2,44.5,76.7,1.5
0.4,0,109.98,0.25,9.49,0.07,1.86,0.07,130.62,0.42,1.86,0.06,131.43,0.37,44.96,0.08,31.94,1.61,4289.63,2515.36,19.48,0.85,32.7,2,198.74,0.16,31.87,0.29,540.01,0.38,12.57,0.08,4.11,0,18.53,0.04,131.53,0.47,131.55,0.42,62.59,0.09,602.9,62.84,4496.58,35.57,67.34,0.1,11.92,0.21,88.54,0.46,12.03,0.04,-19.42,3.27,36.89,0.02,158.8,0.1,66.48,0.38,-6.41,1.12,0,0,32.5,42.2,74.7,1.7
0.4,0,110,0.19,9.56,0.08,1.89,0.07,131.21,0.37,1.89,0.06,131.87,0.3,44.4,0.1,32.15,0.56,4310.23,2515.69,19.51,0.25,32.7,1.01,197.53,0.16,32.1,0.16,540.02,0.39,12.58,0.08,4.14,0,18.66,0.05,131.92,0.37,131.95,0.36,62.99,0.11,611.29,49.39,4500.05,1.11,67.54,0.1,11.91,0.08,88.48,0.39,12.03,0.04,-19.49,3.54,36.69,0.03,152.6,0.01,66.88,0.39,-6.3,0.01,0,0,26.5,46.3,72.8,2.3
0.4,0,109.99,0.25,9.53,0.08,1.9,0.08,131.21,0.47,1.91,0.06,131.35,0.29,44.48,0.08,32.2,1.66,4269.97,2472.28,19.61,0.91,32.88,2.16,197.51,0.15,31.31,0.32,539.98,0.36,12.53,0.1,4.14,0,18.61,0.04,132.06,0.53,132.08,0.49,62.59,0.11,606.42,63.99,4497.18,30.1,67.31,0.32,11.95,0.09,88.4,0.47,12.04,0.05,-19.52,3.84,36.72,0.03,152.61,0.01,66.19,0.27,-6.3,0.01,0,0,38.8,37.8,76.6,1.3
0.4,0,109.88,1.19,9.54,0.06,1.87,0.07,130.85,0.48,1.87,0.05,131.54,0.36,44.42,0.11,32.24,3.26,4243.32,2493.58,19.37,1.97,32.43,3.3,197.28,0.15,32.41,0.22,540.01,0.36,12.59,0.08,4.15,0,18.68,0.03,131.65,0.77,131.68,0.56,63.11,0.12,607.94,70.4,4500.7,7.57,67.37,0.11,11.89,0.06,88.14,0.62,12.03,0.03,-19.22,5.51,36.67,0.02,152.61,0.01,67,0.2,-6.3,0.01,0,0,32.5,42.3,74.8,1.7
0.4,0,109.99,0.14,9.41,0.09,1.88,0.07,130.99,0.36,1.88,0.05,131.66,0.3,44.53,0.08,36.85,1.84,4331.99,2538.53,19.65,0.86,32.85,1.94,197.28,0.15,32.36,0.18,540.01,0.36,12.59,0.09,4.15,0,18.65,0.05,131.77,0.43,131.81,0.36,62.86,0.08,609.39,62.98,4500.42,5.36,67.47,0.09,11.87,0.19,88.54,0.41,12.03,0.03,-19.55,3.17,36.66,0.02,152.62,0.01,66.95,0.33,-6.3,0.01,0,0,34.7,41.8,76.5,1.7
0.4,0,109.99,0.21,9.47,0.08,1.92,0.07,131.42,0.3,1.92,0.05,132.08,0.26,44.58,0.09,32.63,1.65,4254.32,2493.69,19.74,0.89,33.02,2.03,197.14,0.14,31.51,0.3,540.01,0.35,12.54,0.09,4.15,0,18.6,0.03,132.24,0.37,132.26,0.31,62.71,0.08,606.69,63.45,4500.34,5.92,67.18,0.22,11.95,0.18,88.3,0.51,12.03,0.04,-19.46,3.14,36.67,0.02,152.63,0.01,66.85,0.14,-6.3,0.01,0,0,27.6,46.5,74.1,1.8
0.4,0,107.89,2.49,9.47,0.06,1.95,0.07,131.83,0.5,1.96,0.06,132.56,0.46,44.39,0.08,31.99,1.4,4311.65,2494.09,19.8,0.95,33.05,1.95,197.17,0.14,31.53,0.24,540.01,0.35,12.51,0.08,4.15,0,18.65,0.05,132.65,0.52,132.66,0.5,62.85,0.25,609.93,61.8,4500,0.38,67.33,0.1,11.96,0.12,88.39,0.4,12.04,0.04,-19.19,3.35,36.68,0.02,152.62,0.01,66.89,0.22,-6.3,0.01,0,0,28.4,45.9,74.3,1.7
0.4,0,109.97,0.35,9.3,0.07,1.98,0.08,132.15,0.59,1.99,0.07,132.94,0.55,44.42,0.08,37.12,2.48,4318.74,2516.91,20.01,1.32,33.32,2.62,197.18,0.15,31.84,0.24,540,0.35,12.43,0.11,4.15,0,18.67,0.04,132.97,0.65,132.99,0.58,62.98,0.09,609.27,64.59,4500.05,0.88,67.64,0.15,11.95,0.1,87.97,0.43,12.04,0.06,-19.44,3.41,36.68,0.02,152.59,0.01,67.28,0.19,-6.3,0.01,0,0,29.5,44,73.5,1.9
0.4,0,109.96,0.45,9.47,0.08,1.89,0.07,131.03,0.41,1.89,0.06,131.83,0.35,44.5,0.09,32.48,2.18,4284.79,2493.5,19.58,1.27,32.73,2.67,195.56,0.12,31.84,0.23,540,0.26,12.57,0.08,4.2,0,18.59,0.04,131.85,0.56,131.89,0.4,62.81,0.1,604.55,64.8,4500.03,0.46,67.31,0.09,11.95,0.09,87.43,0.67,12.04,0.04,-19.35,4.14,36.29,0.01,153,0.01,67.4,0.26,-6.3,0.01,0,0,37.6,39.5,77.1,1.8
0.4,0,109.94,0.59,9.31,0.08,1.98,0.07,132.18,0.29,1.99,0.06,132.89,0.22,44.64,0.1,36.96,2.49,4247.14,2472.22,20.11,1.3,33.48,2.72,197.5,0.12,31.41,0.3,540.01,0.26,12.43,0.08,4.14,0,18.63,0.04,132.98,0.5,133,0.29,62.42,0.12,606.52,66.03,4500.02,0.33,67.28,0.28,11.92,0.18,87.86,0.55,12.03,0.05,-19.18,4.43,36.5,0.02,152.63,0.01,66.85,0.24,-6.3,0.01,0,0,31.5,44.1,75.6,1.3
0.4,0,109.95,0.48,9.36,0.08,1.84,0.07,130.32,0.3,1.85,0.05,131.24,0.24,44.75,0.1,41.43,2.76,4338.54,2494.06,19.3,1.19,32.21,2.6,194.56,0.13,33,0.17,540.02,0.32,12.62,0.07,4.23,0,18.59,0.04,131.37,0.48,131.41,0.29,62.61,0.08,604.18,65.19,4500,0.25,67.11,0.09,11.87,0.2,89.96,0.49,12.02,0.03,-19.36,2.81,36.4,0.02,153.02,0.01,67.19,0.24,-6.3,0.01,0,0,28.3,47.7,76,1.4
0.4,0,109.9,1,9.34,0.12,1.9,0.06,131,0.35,1.91,0.05,131.78,0.18,44.81,0.11,41.45,3.51,4245.14,2471.78,19.51,1.62,32.61,3.08,194.76,0.14,32.72,0.21,540.03,0.32,12.54,0.08,4.22,0,18.55,0.03,132.01,0.6,132.05,0.31,62.52,0.11,601.16,69.1,4500.06,0.74,67.17,0.15,11.88,0.1,90.27,0.57,12.02,0.03,-19.13,4.32,36.4,0.02,152.99,0.01,66.76,0.2,-6.3,0.01,0,0,28.8,46.9,75.7,1.2
0.4,0,109.84,1.62,9.43,0.09,1.83,0.07,130.17,0.54,1.84,0.05,131.11,0.38,44.7,0.13,41.23,4.16,4336.45,2472.07,19.06,1.95,32.03,3.27,194.75,0.14,32.75,0.17,540,0.35,12.65,0.08,4.22,0,18.52,0.04,131.21,0.8,131.25,0.54,62.53,0.12,599.13,70.81,4500.03,0.29,67.11,0.08,11.86,0.07,90.53,0.43,12.02,0.04,-18.93,6.57,36.42,0.02,152.98,0.01,66.67,0.31,-6.3,0.01,0,0,32.6,42.2,74.8,1.8
0.4,0,110,0.08,9.43,0.08,1.84,0.07,130.27,0.37,1.84,0.06,131.18,0.36,44.76,0.08,41.47,1.41,4412.29,2515.55,19.25,0.55,32.26,1.73,194.79,0.14,32.88,0.17,540.01,0.34,12.58,0.09,4.22,0,18.54,0.05,131.33,0.42,131.36,0.39,62.8,0.13,603.21,64.86,4500.01,0.33,67.17,0.15,11.84,0.07,89.53,0.89,12.03,0.04,-19.6,2.57,36.4,0.02,152.97,0.01,66.78,0.19,-6.3,0.01,0,0,34.3,42.4,76.7,1.3
0.4,0,109.99,0.16,9.37,0.09,1.8,0.05,129.84,0.21,1.8,0.03,130.78,0.2,44.64,0.09,41.49,2.09,4265.44,2493.79,19.21,0.83,32.11,1.86,195.41,0.14,32.74,0.18,540.01,0.33,12.66,0.07,4.2,0,18.51,0.04,130.84,0.29,130.87,0.23,62.08,0.09,602.18,62.28,4500.2,2.47,67.03,0.1,11.83,0.09,90,0.51,12.02,0.03,-19.44,2.88,36.41,0.03,152.86,0.01,67.06,0.23,-6.3,0.01,0,0,29.2,46.1,75.3,1.4
0.4,0,110,0.1,9.37,0.1,1.8,0.05,129.86,0.22,1.8,0.04,130.76,0.24,44.67,0.08,41.51,1.41,4264.05,2493.99,19.25,0.51,32.07,1.55,195.18,0.13,32.93,0.21,540.02,0.32,12.67,0.07,4.21,0,18.51,0.04,130.82,0.27,130.84,0.25,62.53,0.07,601.73,64.11,4495.38,49.51,67.18,0.09,11.79,0.1,89.56,0.65,12.02,0.03,-19.56,2.19,36.39,0.02,152.92,0.01,67.31,0.39,-6.3,0.01,0,0,33.2,43.7,76.9,1.3
0.4,0,110,0.08,9.37,0.1,1.85,0.05,130.48,0.29,1.85,0.04,131.37,0.28,44.77,0.08,41.63,0.08,4301.72,2515.64,19.48,0.3,32.46,0.43,195.23,0.14,32.98,0.17,539.99,0.33,12.64,0.08,4.21,0,18.55,0.04,131.47,0.29,131.48,0.31,62.24,0.09,606.8,36.99,4496.68,35.82,67.17,0.07,11.81,0.09,89.75,0.52,12.03,0.04,-19.55,2.29,36.41,0.02,152.91,0.01,67.26,0.25,-6.47,1.25,0,0,31.7,42.5,74.2,1.8
0.4,0,109.93,0.73,9.35,0.09,1.88,0.05,130.9,0.33,1.89,0.03,131.75,0.21,44.6,0.13,41.38,3.5,4239.87,2472.19,19.5,1.6,32.5,2.98,195.23,0.13,32.94,0.27,540,0.31,12.66,0.09,4.21,0,18.56,0.04,131.78,0.58,131.83,0.26,61.85,0.11,601.72,68.34,4499.91,0.91,67.11,0.17,11.82,0.07,89.57,0.61,12.01,0.03,-19.1,3.94,36.42,0.02,152.93,0.01,67.11,0.26,-6.3,0.01,0,0,35.9,40.5,76.4,1.7
0.4,0,109.96,0.44,9.39,0.06,1.7,0.04,128.67,0.18,1.71,0.03,129.6,0.15,44.63,0.12,41.16,2.78,4213.69,2472.19,18.86,1.07,31.53,2.35,194.84,0.14,33.45,0.19,540.04,0.34,12.73,0.06,4.22,0,18.39,0.04,129.66,0.35,129.7,0.17,62.7,0.07,594.83,61.98,4491.92,85.82,66.74,0.11,11.78,0.12,89.76,0.83,12,0.03,-19.4,3.28,36.34,0.03,152.98,0.01,67.26,0.21,-6.3,0.01,0,0,29.8,45,74.8,1.2
0.4,0,109.96,0.4,9.36,0.07,1.86,0.06,130.64,0.31,1.87,0.05,131.48,0.27,44.66,0.1,41.27,2.79,4240.91,2472.4,19.37,1.23,32.23,2.52,195.07,0.14,33.07,0.2,540.02,0.32,12.68,0.08,4.21,0,18.64,0.05,131.59,0.46,131.63,0.3,62.91,0.07,607.83,64.8,4500.22,2.4,67.1,0.11,11.85,0.09,89.21,0.69,12.02,0.03,-19.37,3.27,36.38,0.02,152.94,0.01,67.37,0.28,-6.3,0.01,540.24,0.32,33.4,42.1,75.5,1.3
0.4,0,109.94,0.58,9.37,0.08,1.79,0.07,129.81,0.33,1.8,0.05,130.68,0.3,44.67,0.11,41.33,2.75,4314.14,2537.04,19.16,1.2,31.91,2.6,195.13,0.13,32.97,0.21,540.02,0.32,12.63,0.09,4.21,0,18.51,0.07,130.75,0.53,130.79,0.33,62.86,0.08,600.14,65.19,4492.26,83.15,67.02,0.15,11.82,0.08,89.65,0.52,12.01,0.05,-19.43,3.52,36.39,0.02,152.93,0.01,67.01,0.61,-6.3,0.01,540.25,0.32,32.8,44.7,77.5,1.2
0.4,0,109.89,1.15,9.36,0.07,1.84,0.05,130.37,0.39,1.84,0.04,131.2,0.27,44.62,0.12,41.19,4.16,4253.15,2493.87,19.29,1.59,32.1,2.95,195.17,0.14,32.84,0.19,540.01,0.34,12.67,0.07,4.21,0,18.54,0.04,131.27,0.61,131.3,0.39,62.45,0.09,601,66.93,4499.93,0.38,67.25,0.15,11.82,0.09,89.73,0.52,12.02,0.03,-19.12,5.15,36.4,0.02,152.94,0.01,67,0.19,-6.3,0.01,540.23,0.35,32.2,42.9,75.1,1.6
0.4,0,109.94,0.61,9.36,0.08,1.83,0.06,130.3,0.36,1.84,0.05,131.15,0.31,44.61,0.09,41.28,2.77,4337.37,2472.56,19.28,1.22,32.09,2.65,195.05,0.14,32.95,0.19,540,0.33,12.64,0.08,4.21,0,18.53,0.06,131.24,0.54,131.27,0.36,62.7,0.08,601.12,65.8,4499.97,0.28,67.1,0.16,11.79,0.08,88.61,0.92,12.02,0.04,-19.3,3.67,36.37,0.02,152.95,0.01,66.97,0.18,-6.3,0.01,540.22,0.33,27.6,47.9,75.5,1.3
0.4,0,109.94,0.56,9.43,0.1,1.71,0.07,128.74,0.4,1.71,0.05,129.66,0.38,44.68,0.11,41.19,2.75,4349.5,2494.28,18.77,1.16,31.65,2.6,194.44,0.19,33.11,0.2,540,0.34,12.68,0.08,4.23,0,18.45,0.07,129.74,0.55,129.77,0.4,62.59,0.24,596.85,63.98,4500.03,0.27,67.13,0.21,11.8,0.07,88.95,0.53,12.02,0.06,-19.13,3.6,37.5,0.03,153.08,0.03,67.01,0.65,-6.3,0.01,540.23,0.34,33.5,42.2,75.7,1.6
0.4,0,109.92,0.82,9.34,0.09,1.9,0.06,131.07,0.33,1.9,0.04,131.85,0.21,45.4,0.13,41.34,3.48,4286.76,2472.64,19.46,1.59,32.53,2.91,194.68,0.12,32.73,0.2,540,0.29,12.66,0.07,4.22,0,18.61,0.04,131.96,0.55,131.99,0.28,62.3,0.11,605.29,66.12,4499.96,0.32,67.12,0.1,11.83,0.07,89.02,0.64,12.01,0.03,-19.15,3.97,36.84,0.02,153.04,0.01,66.67,0.19,-6.3,0.01,540.2,0.29,33.3,44.9,78.2,1.6
0.4,0,109.97,0.34,9.37,0.08,1.81,0.06,129.98,0.25,1.81,0.04,130.83,0.22,44.86,0.09,41.11,2.76,4257.57,2493.93,21.21,1.31,31.89,2.39,194.4,0.2,32.77,0.25,540,0.36,12.74,0.07,4.23,0,18.54,0.03,130.95,0.38,130.98,0.25,62.6,0.09,602.66,63.14,4500.19,2.09,66.97,0.1,11.83,0.06,89.74,0.58,12.02,0.03,-19.38,3.65,36.57,0.03,153.08,0.03,67.17,0.2,-6.3,0.01,540.24,0.37,37.7,40.3,78,1.1
0.4,0,110,0.09,9.37,0.09,1.79,0.07,129.8,0.34,1.8,0.05,130.65,0.34,44.85,0.1,41.26,0.67,4346.17,2516,21.26,0.35,32.02,1.06,194.25,0.38,32.83,0.18,539.99,0.5,12.77,0.08,4.24,0.01,18.57,0.06,130.8,0.35,130.81,0.38,62.6,0.08,606.51,52.6,4500.06,0.46,66.84,0.13,11.79,0.05,88.46,0.9,12.01,0.04,-19.51,2.84,36.55,0.03,153.1,0.05,67.36,0.33,-6.3,0.01,540.25,0.54,31.4,41.9,73.3,1.8
0.4,0,110,0.07,9.41,0.1,1.76,0.05,129.43,0.16,1.77,0.04,130.26,0.19,44.73,0.09,41.21,0.7,4323.13,2515.77,21.11,0.6,31.74,1.38,194.42,0.28,32.96,0.16,540.01,0.43,12.74,0.07,4.23,0.01,18.54,0.04,130.42,0.19,130.44,0.22,62.39,0.08,604.37,56.54,4500,0.42,67.01,0.07,11.79,0.07,89.2,0.5,12.01,0.03,-19.5,2.49,36.6,0.03,153.07,0.03,67.73,0.18,-6.3,0.01,540.26,0.45,33.6,44.2,77.8,1.4
0.4,0,110,0.04,9.35,0.07,1.97,0.06,131.91,0.2,1.97,0.05,132.66,0.18,44.73,0.07,41.87,0.71,4313.81,2537.29,21.69,0.29,32.68,0.84,194.17,0.25,33.05,0.21,540,0.38,12.66,0.07,4.24,0.01,18.71,0.04,132.82,0.21,132.84,0.21,63.13,0.09,614.48,44.26,4477.64,242.21,67.14,0.09,11.76,0.07,88.49,0.78,12.02,0.04,-19.54,2.74,36.56,0.03,153.09,0.04,67.36,0.27,-6.3,0.01,540.31,0.4,31.4,43.9,75.3,1.7
0.4,0,109.98,0.22,9.36,0.12,1.65,0.07,128.16,0.42,1.66,0.05,128.96,0.43,44.64,0.11,41.78,2.13,4206.72,2472.63,20.91,0.89,32.67,2.03,192.99,0.08,32.19,0.22,540.01,0.19,12.82,0.08,4.27,0,18.47,0.04,129.09,0.5,129.12,0.42,61.52,0.08,598.87,63.87,4500.46,7.21,66.77,0.09,11.82,0.07,86.46,0.48,11.99,0.04,-19.4,3.06,33.36,0.01,153.44,0.01,67.05,0.17,-6.3,0.01,540.15,0.18,33.4,43,76.4,1.5
0.4,0,110,0.05,9.37,0.08,1.63,0.05,127.79,0.13,1.63,0.03,128.72,0.17,44.68,0.09,41.86,0.71,4267.63,2494.49,20.71,0.27,32.45,0.97,192.97,0.08,32.44,0.13,540,0.19,12.8,0.07,4.27,0,18.46,0.04,128.76,0.17,128.78,0.16,61.23,0.08,600.05,55.3,4500.27,2.88,66.77,0.06,11.85,0.04,85.98,0.37,11.99,0.02,-19.49,2.5,33.37,0.01,153.44,0.01,67.21,0.36,-6.3,0.01,540.16,0.19,34.2,42.2,76.4,1.4
0.4,0,109.98,0.17,9.37,0.1,1.64,0.07,127.88,0.46,1.64,0.05,128.79,0.5,44.65,0.08,41.64,2.05,4351.99,2494.8,20.73,0.94,32.41,1.93,192.4,0.09,32.52,0.17,540,0.19,12.9,0.08,4.29,0,18.56,0.08,128.87,0.52,128.91,0.48,61.67,0.1,603.85,64.73,4499.91,0.65,66.89,0.1,11.85,0.05,86.15,0.63,12,0.04,-19.56,2.72,33.31,0.01,153.54,0.01,67.15,0.2,-6.3,0.01,540.18,0.19,29.8,44.5,74.3,1.8
0.4,0,109.98,0.23,9.38,0.11,1.65,0.06,128.02,0.12,1.65,0.04,128.93,0.15,44.66,0.09,41.62,2.1,4258.89,2472.57,20.64,0.82,32.37,1.95,191.98,0.13,32.61,0.13,540,0.19,12.81,0.06,4.3,0,18.51,0.04,129,0.25,129.03,0.14,61.37,0.1,601.54,63.63,4499.89,1.73,66.79,0.07,11.81,0.04,86.3,0.48,12,0.03,-19.49,3.22,33.25,0.01,153.62,0.02,67.57,0.31,-6.3,0.01,540.21,0.19,37.6,41.2,78.8,1
0.4,0,110,0.09,9.38,0.1,1.59,0.06,127.32,0.32,1.6,0.04,128.24,0.37,44.69,0.14,41.74,0.7,4324.66,2472.96,20.57,0.36,32.26,0.89,191.89,0.12,32.46,0.15,540,0.18,12.86,0.08,4.31,0,18.46,0.05,128.34,0.3,128.35,0.33,61.39,0.09,600.8,48.09,4500,0.35,66.79,0.09,11.8,0.05,86.21,0.5,12,0.05,-19.49,2.67,33.21,0.01,153.63,0.02,66.9,0.38,-6.3,0.01,540.23,0.19,36.6,40.8,77.4,1.4
0.4,0,109.87,1.29,9.39,0.11,1.64,0.06,127.82,0.54,1.64,0.04,128.71,0.39,44.65,0.17,41.37,4.14,4311.02,2515.93,20.52,2.09,32.18,3.25,191.96,0.13,32.61,0.13,540,0.21,12.86,0.09,4.3,0,18.52,0.04,128.81,0.78,128.86,0.46,61.24,0.13,599.51,70.75,4500.02,0.67,66.87,0.09,11.81,0.05,86.33,0.53,12,0.03,-19,5.38,33.24,0.02,153.62,0.02,67.33,0.21,-6.3,0.01,540.22,0.21,33.8,41.2,75,1.6
0.4,0,109.91,0.94,9.33,0.08,1.72,0.07,128.98,0.5,1.72,0.05,129.61,0.54,45.11,0.16,41.79,3.55,4202.66,2451.06,20.98,1.73,32.99,3.06,192.53,0.08,32.18,0.23,540,0.19,12.83,0.08,4.29,0,18.61,0.04,129.84,0.71,129.88,0.46,61.53,0.14,604.11,69.58,4500.18,1.64,66.84,0.11,11.88,0.07,88.59,0.7,12,0.03,-19.51,3.92,33.3,0.02,153.56,0.01,66.73,0.27,-6.3,0.01,540.13,0.19,40.7,37.7,78.4,1
0.4,0,110,0.03,9.35,0.07,1.63,0.05,127.89,0.19,1.63,0.04,128.73,0.24,44.89,0.21,42.02,0.71,4284.4,2472.84,20.74,0.24,32.66,0.94,192.52,0.1,32.22,0.19,540,0.21,12.99,0.06,4.29,0,18.55,0.04,128.78,0.2,128.79,0.21,62.09,0.1,605.31,53.44,4499.98,0.38,66.64,0.11,11.85,0.07,88.38,0.78,12,0.04,-19.98,1.68,33.32,0.02,153.55,0.01,66.71,0.26,-6.3,0.01,540.13,0.2,34.3,42.3,76.6,1.3
0.4,0,110,0.05,9.34,0.07,1.73,0.07,129.23,0.45,1.74,0.06,130.15,0.49,44.78,0.14,42,0.7,4345.05,2537.38,21.06,0.37,33.11,0.93,192.48,0.09,32.25,0.17,539.99,0.2,12.96,0.08,4.29,0,18.64,0.07,130.06,0.46,130.07,0.48,61.44,0.09,610.54,48.01,4500.15,1.33,66.95,0.09,11.86,0.07,88.48,0.23,12,0.05,-20.09,1.69,33.32,0.01,153.56,0.01,66.33,0.25,-6.3,0.01,540.12,0.2,30.2,45.4,75.6,1.3
0.4,0,110,0.14,9.45,0.09,1.73,0.06,129.16,0.38,1.73,0.05,129.84,0.35,44.89,0.23,33.94,1.15,4482.04,2513.56,21.06,0.96,32.27,1.84,203.41,0.12,32.06,0.31,540,0.29,12.71,0.08,3.98,0,18.69,0.05,130.03,0.42,130.05,0.39,62.71,0.12,611.31,65.28,4500.04,0.67,65.96,0.18,11.87,0.07,84.38,0.48,12,0.05,-19.46,3.35,34.19,0.02,151.34,0.01,56.11,0.27,-4.6,0.01,540.05,0.29,22.8,48.8,71.6,1.9
0.4,0,109.95,0.41,9.52,0.09,1.69,0.06,128.8,0.25,1.7,0.04,129.57,0.27,44.55,0.11,33.36,2.25,4387.67,2471.49,20.85,1.29,32.2,2.44,203.88,0.16,31.5,0.26,539.98,0.31,12.69,0.1,3.97,0,18.6,0.04,129.55,0.4,129.57,0.25,61.92,0.08,605.85,64.01,4500.07,0.3,65.6,0.07,11.86,0.06,85.01,0.25,12.01,0.04,-19.37,3.1,34.23,0.02,151.3,0.02,54.85,0.19,-4.6,0.01,539.95,0.31,30.7,42.8,73.5,2
0.4,0,109.99,0.08,9.47,0.07,1.85,0.07,130.76,0.43,1.85,0.06,131.43,0.42,44.36,0.08,34.57,1.18,4369.25,2472.34,21.39,0.64,32.81,1.37,204.47,0.23,30.92,0.2,540.02,0.34,12.61,0.1,3.96,0,18.73,0.04,131.42,0.43,131.43,0.46,62.41,0.08,615.41,53.67,4500.21,2.62,67.49,0.12,11.85,0.07,85.31,0.25,12,0.03,-19.61,2.64,34.44,0.03,151.21,0.03,54.21,0.23,-4.6,0.01,539.94,0.34,26.3,47.1,73.4,1.7
0.4,0,109.97,0.29,9.48,0.07,1.8,0.07,130.22,0.21,1.81,0.05,131,0.17,44.5,0.13,34.33,1.71,4402.28,2493.16,21.21,0.85,32.54,1.98,204.5,0.18,30.63,0.2,540,0.35,12.74,0.09,3.96,0,18.68,0.04,130.91,0.36,130.93,0.21,62.47,0.09,610.06,67.49,4499.99,2.97,67.45,0.08,11.85,0.07,84.84,0.26,12,0.03,-19.49,2.97,34.45,0.03,151.2,0.02,54.21,0.2,-4.6,0.01,539.92,0.36,29.8,47.6,77.4,1.1
0.4,0,110,0.11,9.41,0.07,1.79,0.07,130.1,0.23,1.79,0.05,130.76,0.22,44.98,0.23,34.41,1.16,4414.19,2470.07,21.29,0.57,32.58,1.51,203.41,0.14,30.94,0.2,539.99,0.33,12.66,0.07,3.98,0,18.68,0.04,130.77,0.27,130.78,0.25,62.49,0.09,611.52,62.01,4500.04,0.3,67.61,0.09,11.8,0.05,86.36,0.35,12,0.03,-19.49,2.63,34.24,0.02,151.44,0.01,55.23,0.2,-4.6,0.01,539.9,0.33,35.8,42,77.8,1.1
0.4,0,109.99,0.2,9.45,0.12,1.93,0.1,131.71,0.72,1.93,0.08,132.33,0.78,44.81,0.12,34.36,1.73,4495.62,2535.09,21.53,1.06,32.92,2.04,203.35,0.15,30.74,0.19,540,0.31,12.6,0.09,3.99,0,18.82,0.06,132.33,0.82,132.34,0.76,62.34,0.09,618.05,66.98,4499.92,0.86,67.86,0.15,11.8,0.08,86.65,0.39,12,0.06,-19.45,2.95,34.22,0.03,151.45,0.02,54.68,0.49,-4.6,0.01,539.91,0.32,28.4,47,75.4,1.6
0.4,0,109.95,0.54,9.52,0.06,1.81,0.08,130.17,0.61,1.81,0.07,130.69,0.7,44.64,0.1,31.81,1.59,4446.57,2515.39,21.15,0.86,32.29,2.24,203.73,0.15,31.9,0.15,539.99,0.35,12.37,0.1,3.98,0,18.55,0.09,130.91,0.74,130.97,0.55,62.57,0.33,602.02,66.86,4500.03,0.68,67.67,0.12,11.81,0.07,86.56,0.36,12,0.05,-18.93,5.36,34.31,0.03,151.28,0.01,55.01,0.33,-4.6,0.01,540.03,0.35,36,41.2,77.2,1.8
0.4,0,109.96,0.45,9.45,0.1,2,0.07,132.37,0.28,2,0.05,133.07,0.31,44.6,0.1,31.51,2.1,4480.63,2514.51,21.7,1.36,33.02,2.52,202.01,0.17,33.35,0.13,539.97,0.34,12.42,0.07,4.02,0,18.72,0.04,133.11,0.42,133.13,0.29,62.43,0.09,612.16,65.47,4500.05,1.14,68.1,0.18,11.77,0.08,86.82,0.3,12.01,0.04,-19.42,3.07,34.23,0.02,151.6,0.02,55.52,0.4,-4.6,0.01,540.06,0.34,31.2,43.7,74.9,1.7
0.4,0,109.99,0.18,9.43,0.08,1.84,0.05,130.57,0.38,1.84,0.04,131.23,0.32,44.57,0.11,31.96,1.62,4394.93,2450.21,21.29,0.93,32.52,1.87,204.89,0.16,31.7,0.42,540.01,0.32,12.4,0.13,3.95,0,18.6,0.05,131.3,0.4,131.31,0.36,62.96,0.08,606.92,63.68,4500.32,3.6,67.61,0.09,11.79,0.09,86.31,0.27,12,0.03,-19.49,2.63,34.34,0.03,151.06,0.02,56.12,0.39,-4.8,0.01,540.04,0.32,25,47.9,72.9,1.6
0.4,0,109.94,0.66,9.48,0.1,1.86,0.07,130.87,0.52,1.87,0.05,131.49,0.45,44.39,0.11,31.59,2.63,4485.95,2536.57,21.21,1.68,32.38,2.87,204.83,0.17,31.96,0.16,540,0.29,12.36,0.14,3.95,0,18.61,0.08,131.57,0.7,131.63,0.42,62.42,0.1,605.13,68.08,4488.37,125.45,67.72,0.16,11.76,0.06,86.86,0.34,11.99,0.04,-19.3,3.69,34.36,0.02,151.07,0.02,55.74,0.35,-4.8,0.01,540.04,0.29,33.5,41.4,74.9,1.6
0.4,0,110,0.14,9.49,0.08,1.76,0.06,129.56,0.55,1.76,0.05,130.35,0.55,44.66,0.07,32.36,0.16,4329.93,2450.5,21.16,0.34,32.35,0.41,202.87,0.14,30.22,0.41,540,0.3,12.48,0.09,4,0,18.4,0.05,130.37,0.54,130.37,0.52,61.94,0.1,599.3,33.83,4500.32,3.67,67.15,0.2,11.87,0.07,87.28,0.25,12,0.04,-19.47,3.17,34.09,0.02,151.47,0.01,56.55,0.31,-4.8,0.01,540.03,0.3,26.9,47.4,74.3,1.9
0.4,0,109.94,0.67,9.48,0.09,1.84,0.07,130.48,0.6,1.84,0.05,131.23,0.54,44.6,0.12,32.1,2.68,4448.11,2515.59,21.25,1.73,32.45,2.87,204.36,0.15,30.49,0.25,540,0.31,12.57,0.12,3.96,0,18.6,0.05,131.25,0.75,131.29,0.57,62.43,0.11,604.58,66.47,4500.03,0.32,67.34,0.15,11.87,0.08,86.16,0.23,12,0.06,-19.28,3.96,34.28,0.03,151.16,0.01,56.62,0.3,-4.8,0.01,540.03,0.31,23.4,50,73.4,2.1
0.4,0,110,0.09,9.41,0.06,1.85,0.06,130.73,0.4,1.86,0.05,131.43,0.38,44.61,0.08,32.44,0.09,4475.06,2514.32,21.54,0.4,32.79,0.36,204.37,0.14,31.01,0.2,540,0.32,12.38,0.09,3.96,0,18.61,0.07,131.48,0.4,131.49,0.4,62.45,0.1,610.1,36.29,4498.22,19,67.45,0.1,11.82,0.09,87.01,0.36,11.99,0.04,-19.51,2.77,34.3,0.02,151.18,0.01,57.06,0.2,-4.8,0.01,540,0.32,23.6,49.9,73.5,1.5
0.4,0,109.94,0.64,9.48,0.09,1.86,0.06,130.88,0.43,1.87,0.05,131.61,0.43,44.67,0.1,32.23,2.18,4330.62,2450.77,19.73,1.61,32.51,2.87,203.52,0.14,30.56,0.3,540.02,0.32,12.38,0.1,3.98,0,18.48,0.04,131.57,0.57,131.6,0.4,62.03,0.12,598.72,64.91,4500.25,3.1,67.36,0.1,11.86,0.09,87.65,0.27,12,0.05,-19.15,4.13,34.12,0.02,151.36,0.01,56.57,0.14,-4.8,0.01,540.01,0.31,21.8,50.5,72.3,2
0.4,0,110,0.1,9.41,0.07,1.84,0.05,130.65,0.24,1.85,0.04,131.37,0.28,44.55,0.07,32.46,0.1,4498.07,2536.22,19.88,0.35,32.74,0.26,203.55,0.15,30.65,0.18,540.01,0.36,12.38,0.07,3.98,0,18.54,0.05,131.38,0.25,131.4,0.23,62.6,0.09,606.78,33.33,4491.28,94.21,67.43,0.07,11.84,0.09,87.24,0.31,11.99,0.03,-19.56,2.85,34.3,0.02,151.34,0.01,56.7,0.19,-4.8,0.01,540.02,0.36,30.4,44.4,74.8,1.6
0.4,0,109.91,0.95,9.42,0.07,1.81,0.05,130.14,0.33,1.81,0.04,130.91,0.2,44.56,0.11,32.08,2.7,4458.5,2471.35,19.45,1.58,32.38,2.89,203.79,0.14,30.48,0.24,540,0.34,12.43,0.07,3.97,0,18.58,0.04,130.92,0.57,130.95,0.32,63.24,0.09,609.98,23.79,4490.27,104.51,67.37,0.05,11.84,0.05,86.47,0.24,12,0.03,-19.23,4.37,34.26,0.03,151.26,0.01,56.73,0.42,-4.8,0.01,540.07,0.34,31.2,46.5,77.7,1.3
0.4,0,110,0.16,9.51,0.1,1.84,0.07,130.49,0.47,1.84,0.05,131.25,0.46,44.63,0.09,32.1,0.57,4546.77,2555.2,19.49,0.37,32.51,0.87,203.77,0.14,30.61,0.25,539.99,0.33,12.48,0.09,3.97,0,18.56,0.06,131.29,0.5,131.31,0.48,62.58,0.11,607.06,42.34,4493.58,69.68,67.47,0.14,11.85,0.1,87.42,0.32,11.99,0.05,-19.65,3.09,34.29,0.03,151.26,0.01,56.45,0.42,-4.8,0.01,540.05,0.33,25.1,46.9,72,2.1
0.4,0,110,0.12,9.42,0.08,1.94,0.06,131.66,0.28,1.94,0.05,132.23,0.26,44.59,0.09,32.27,1.1,4381.34,2472.01,19.97,0.57,33.05,1.44,203.48,0.14,30.97,0.31,540.01,0.29,12.41,0.07,3.98,0,18.61,0.05,132.44,0.33,132.46,0.29,62.64,0.09,608.48,54.53,4500.08,1.17,67.39,0.25,11.85,0.09,86.7,0.23,12,0.05,-19.55,3.02,34.18,0.03,151.32,0.02,57.06,0.31,-4.8,0.01,540.08,0.29,31.3,44.6,75.9,1.7
0.4,0,109.91,0.87,9.47,0.1,1.85,0.05,130.8,0.34,1.85,0.04,131.5,0.2,44.65,0.12,32.24,2.72,4348.02,2473.02,19.56,1.61,32.78,2.98,203.56,0.15,30.42,0.27,540.01,0.33,12.4,0.11,3.98,0,18.53,0.04,131.42,0.6,131.45,0.28,61.56,0.08,600.17,67.98,4500.03,0.54,67.14,0.15,11.83,0.1,86.46,0.15,12,0.03,-19.69,3.59,34.08,0.03,151.36,0.01,55.52,0.38,-4.98,1.77,539.98,0.33,23.6,48.6,72.2,1.6
0.4,0,109.96,0.41,9.43,0.09,1.82,0.1,130.48,0.78,1.83,0.08,131.24,0.74,44.55,0.14,31.91,2.61,4400.27,2484.96,19.32,1.43,32.33,3.32,204.15,0.14,31.01,0.36,539.99,0.34,12.49,0.18,3.97,0,18.66,0.06,131.14,0.87,131.19,0.78,62.92,0.18,600.13,93.07,4499.88,1.83,67.43,0.15,11.81,0.07,86.46,0.27,12.02,0.05,-19.91,2.8,34.38,0.02,151.23,0.01,55.78,0.41,-4.8,0.01,539.99,0.34,29.1,43.8,72.9,1.9
0.4,0,110,0.17,9.44,0.11,1.81,0.06,130.24,0.4,1.81,0.05,130.93,0.46,44.44,0.09,32.15,1.07,4463.45,2536.78,19.33,0.55,32.51,1.35,204.11,0.16,31.15,0.26,540,0.35,12.46,0.13,3.97,0,18.58,0.06,130.93,0.41,130.95,0.41,62.41,0.08,607.08,50.91,4484.11,172.49,67.59,0.1,11.78,0.13,87.56,0.2,12,0.05,-19.97,2.29,34.4,0.03,151.24,0.01,55.43,0.36,-4.8,0.01,539.98,0.35,26.2,46,72.2,2.5
0.4,0,110,0.07,9.48,0.1,1.87,0.06,130.95,0.25,1.87,0.04,131.66,0.28,44.68,0.09,32.45,0.07,4354.08,2472.34,19.54,0.29,32.73,0.74,204.17,0.14,30.57,0.25,540,0.36,0,0,3.96,0,18.52,0.06,131.63,0.26,131.65,0.26,62.09,0.07,605.22,35.75,4500.9,10.05,67.36,0.11,11.89,0.1,87.15,0.17,11.99,0.03,-19.5,2.47,34.35,0.02,151.23,0.01,56.57,0.28,-4.8,0.01,539.98,0.35,28.6,46,74.6,1.9
0.4,0,109.94,0.62,9.48,0.08,1.86,0.08,130.85,0.66,1.87,0.06,131.54,0.63,44.63,0.09,32.17,2.14,4545.85,2515.02,19.4,1.56,32.53,2.84,204.07,0.15,30.45,0.22,539.98,0.36,12.48,0.1,3.97,0,18.57,0.07,131.53,0.79,131.58,0.61,62.51,0.1,603.17,66.25,4492.37,82.8,67.42,0.13,11.91,0.07,86.36,0.23,12,0.06,-19.27,4.08,34.31,0.03,151.23,0.01,56.47,0.24,-4.8,0.01,539.99,0.36,27.5,47.5,75,2
0.4,0,110,0.07,9.4,0.06,1.86,0.05,130.87,0.1,1.86,0.03,131.58,0.14,44.53,0.11,32.55,0.07,4393.91,2492.96,19.64,0.28,32.89,0.28,203.96,0.14,30.32,0.24,540.04,0.33,12.41,0.09,3.97,0,18.62,0.03,131.56,0.12,131.57,0.15,62.86,0.1,610.89,34.24,4500.39,4.39,67.37,0.08,11.91,0.14,86.8,0.36,12,0.03,-19.43,2.76,34.3,0.02,151.26,0.01,56.74,0.26,-4.8,0.01,540.05,0.33,29.9,43.6,73.5,1.6
0.4,0,110,0.15,9.41,0.08,1.87,0.06,130.94,0.4,1.87,0.05,131.58,0.43,44.82,0.14,32.54,0.15,4349.9,2450.24,19.78,0.43,33.09,0.41,203.6,0.17,30.54,0.21,540,0.32,12.43,0.1,3.98,0,18.59,0.03,131.66,0.38,131.67,0.38,62.52,0.09,609.46,32.3,4494.77,55.77,67.13,0.13,11.92,0.06,86.77,0.15,12,0.03,-19.57,2.79,34.06,0.03,151.32,0.02,56.43,0.19,-4.8,0.01,540.04,0.32,31.9,42.9,74.8,1.8
0.4,0,110,0.1,9.41,0.06,1.85,0.05,130.77,0.39,1.86,0.04,131.52,0.39,44.64,0.18,32.45,0.54,4444.45,2492.38,19.62,0.31,32.84,0.74,203.51,0.15,30.58,0.19,539.98,0.35,12.47,0.07,3.98,0,18.61,0.04,131.47,0.39,131.48,0.4,62.48,0.1,610.17,35.41,4493.86,65.8,67.26,0.11,11.92,0.25,86.65,0.39,12,0.04,-19.42,2.87,34.11,0.03,151.35,0.01,56.08,0.34,-4.8,0.01,539.99,0.35,30.4,42.7,73.1,1.9
0.4,0,109.98,0.3,9.45,0.1,1.91,0.06,131.4,0.37,1.91,0.05,132.14,0.36,44.69,0.13,32.21,1.62,4467.01,2536.43,19.66,1.22,32.8,2.35,203.53,0.16,30.6,0.16,540.01,0.36,12.35,0.08,3.98,0,18.63,0.05,132.07,0.46,132.1,0.34,62.34,0.12,607.45,64.21,4500.42,4.43,67.68,0.11,11.91,0.1,87.47,0.26,12,0.03,-19.43,3.37,34.11,0.02,151.35,0.01,56.09,0.22,-4.8,0.01,540.01,0.36,28.8,44.7,73.5,1.9
0.4,0,110,0.05,9.4,0.06,1.8,0.06,130.21,0.34,1.8,0.04,130.81,0.39,44.54,0.14,32.47,0.57,4362.4,2473.87,19.65,0.34,32.86,1.05,204.39,0.17,30.94,0.39,540.03,0.34,12.55,0.1,3.96,0,18.54,0.03,130.81,0.34,130.83,0.32,62.12,0.1,605.17,47.18,4500.13,1.75,66.97,0.2,11.89,0.07,87.01,0.23,12,0.03,-19.46,2.6,34.23,0.04,151.23,0.02,55.99,0.22,-4.8,0.01,539.96,0.34,30.6,45.3,75.9,1.5
0.4,0,109.95,0.5,9.43,0.08,1.87,0.06,131.04,0.25,1.87,0.04,131.71,0.25,44.5,0.13,31.99,2.13,4472.14,2515.15,19.51,1.19,32.62,2.52,204.3,0.17,31.6,0.29,539.99,0.37,12.39,0.07,3.96,0,18.62,0.06,131.66,0.47,131.69,0.28,62.43,0.1,606.31,65.54,4500.06,0.47,67.38,0.1,11.89,0.07,87.29,0.4,12.01,0.04,-19.43,3.69,34.3,0.02,151.23,0.01,56.4,0.29,-4.8,0.01,539.94,0.37,28.3,46.2,74.5,1.6
0.4,0,109.98,0.2,9.43,0.08,1.7,0.06,128.91,0.46,1.7,0.05,129.67,0.52,44.59,0.09,32.31,1.63,4470.63,2535.17,19.04,0.76,32.03,1.84,204.74,0.2,30.47,0.17,540.01,0.38,12.54,0.09,3.95,0,18.44,0.05,129.58,0.51,129.61,0.48,62.83,0.09,598.37,61.15,4500.24,2.85,67.34,0.07,11.94,0.15,87.68,0.24,11.99,0.05,-19.47,2.88,34.39,0.03,151.15,0.02,56.02,0.3,-4.8,0.01,539.96,0.39,31.3,44.6,75.9,1.6
0.4,0,110,0.07,9.44,0.06,1.68,0.06,128.78,0.31,1.68,0.05,129.54,0.32,44.54,0.12,34.56,1.16,4465.6,2513.99,19.08,0.51,32.03,1.3,203.19,0.16,31.87,0.2,539.99,0.37,12.86,0.07,3.99,0,18.44,0.05,129.42,0.31,129.44,0.33,62.45,0.07,599.63,50.11,4500.23,2.35,66.8,0.09,11.79,0.08,87.11,0.44,12,0.05,-19.54,2.29,34.31,0.02,151.45,0.01,55.01,0.01,-4.82,0.01,539.93,0.37,29.5,43.6,73.1,2.1
0.4,0,109.98,0.28,9.41,0.08,1.8,0.06,130.12,0.27,1.8,0.04,130.55,0.24,44.57,0.16,34.78,2.38,4409.1,2471.27,19.45,1.16,32.64,2.37,203.81,0.14,30.93,0.42,540.01,0.32,12.94,0.06,3.97,0,18.47,0.05,130.78,0.38,130.8,0.26,61.91,0.09,599.15,64.59,4494.13,62.46,66.95,0.27,11.87,0.06,87.07,0.28,11.99,0.03,-19.79,2.35,34.21,0.03,151.34,0.01,55.27,0.26,-4.8,0.01,539.94,0.31,31,46.7,77.7,1.2
0.4,0,109.87,1.33,9.41,0.07,1.89,0.07,131.12,0.61,1.89,0.05,131.91,0.43,44.73,0.14,34.53,3.45,4510.64,2535.93,19.61,2,32.65,3.3,203.77,0.13,30.92,0.19,539.99,0.29,12.7,0.1,3.97,0,18.63,0.05,131.85,0.86,131.9,0.55,62.87,0.31,610.88,41.85,4500.03,0.28,67.62,0.1,11.91,0.07,87.37,0.26,12,0.05,-18.73,6.06,34.16,0.02,151.27,0.01,55.35,0.35,-4.8,0.01,540.04,0.29,29.6,46.2,75.8,2
0.4,0,109.99,0.13,9.41,0.09,1.91,0.06,131.37,0.25,1.92,0.05,132.12,0.28,44.76,0.09,34.72,1.7,4513.8,2557.14,19.83,0.85,32.92,1.81,204.05,0.18,30.99,0.24,540.01,0.33,12.76,0.08,3.97,0,18.59,0.05,132.17,0.3,132.19,0.29,64.59,0.44,606.4,63.51,4500.23,3.29,67.62,0.12,11.93,0.1,86.88,0.45,12,0.04,-19.96,3.52,34.3,0.03,151.18,0.02,55.69,0.56,-4.8,0.01,540.12,0.33,34.3,43,77.3,1.3
0.4,0,110.01,0.1,9.43,0.09,1.9,0.06,131.29,0.28,1.9,0.05,132.07,0.3,44.72,0.09,34.67,0.65,4471.86,2536.15,19.77,0.42,32.91,0.87,204.26,0.15,30.97,0.19,540.03,0.35,12.67,0.08,3.96,0,18.59,0.05,132.07,0.27,132.07,0.29,62.62,0.07,609.16,37.85,4500.09,1.35,67.69,0.08,11.93,0.08,87.42,0.39,12,0.04,-19.65,2.4,34.31,0.02,151.15,0.01,56.04,0.22,-4.8,0.01,540.12,0.35,27,46.6,73.6,2
0.4,0,109.93,0.72,9.41,0.06,1.85,0.06,130.71,0.27,1.85,0.04,131.45,0.16,44.81,0.15,34.65,2.94,4390.55,2469.9,19.63,1.6,32.87,2.95,202.32,0.13,30.97,0.36,540,0.32,12.91,0.06,4.01,0,18.59,0.03,131.37,0.51,131.4,0.23,62.11,0.1,603.78,67.83,4500.14,1.15,67.21,0.14,11.92,0.04,87.19,0.2,12,0.02,-19.23,3.52,33.99,0.02,151.58,0.01,55.99,0.2,-4.8,0,540.02,0.31,23.4,48.6,72,2.2
0.4,0,110,0.06,9.42,0.07,1.72,0.06,129.1,0.34,1.72,0.05,129.86,0.41,44.68,0.21,34.75,1.15,4507.83,2557.14,19.27,0.53,32.25,1.35,204.33,0.15,30.82,0.24,540.01,0.31,12.8,0.09,3.96,0,18.43,0.07,129.86,0.34,129.87,0.39,62.78,0.08,599.26,50.1,4500.01,0.31,67.26,0.15,11.93,0.13,86.76,0.45,12,0.05,-19.47,2.26,34.24,0.02,151.18,0.02,55.95,0.18,-4.8,0.01,540.03,0.31,23.4,47.4,70.8,2.5
0.4,0,109.95,0.53,9.4,0.08,1.88,0.06,131.06,0.3,1.88,0.04,131.65,0.27,44.56,0.13,34.82,2.35,4389.87,2491.17,19.72,1.2,32.99,2.57,202.98,0.13,30.77,0.37,540,0.31,12.84,0.07,4,0,18.59,0.04,131.73,0.5,131.75,0.3,62.4,0.12,604.16,66.1,4500.82,8.92,66.82,0.26,11.89,0.21,87.15,0.14,12,0.02,-19.2,3.61,34.02,0.02,151.44,0.01,55.98,0.25,-4.8,0.01,540.02,0.3,23.8,47,70.8,2.5
0.4,0,109.99,0.16,9.41,0.08,1.84,0.06,130.65,0.15,1.85,0.05,131.36,0.16,44.66,0.1,34.64,1.8,4446.23,2513.88,19.55,0.8,32.62,2.09,202.91,0.13,31.37,0.27,539.99,0.3,12.75,0.05,4,0,18.55,0.04,131.37,0.28,131.39,0.15,62.4,0.09,603.23,66.02,4499.4,6.56,67.35,0.13,11.89,0.07,87.53,0.37,12,0.03,-19.38,3.09,34.06,0.02,151.44,0.01,56.18,0.19,-4.8,0.01,540.03,0.3,22.9,47,69.9,2.6
0.4,0,110.01,0.09,9.41,0.08,1.94,0.06,131.77,0.28,1.94,0.05,132.45,0.31,44.67,0.08,34.66,0.65,4517.96,2536.42,19.9,0.4,33.08,0.89,201.19,0.19,31.92,0.29,540,0.31,12.75,0.06,4.04,0,18.69,0.06,132.52,0.28,132.52,0.31,63.02,0.09,613.69,44.24,4500.12,0.93,67.65,0.12,11.88,0.05,86.56,0.45,12,0.04,-19.53,2.48,33.95,0.03,151.76,0.02,56.24,0.26,-4.8,0.01,540.1,0.31,26.8,48.3,75.1,2.1
0.4,0,109.99,0.24,9.42,0.09,1.85,0.07,130.63,0.33,1.85,0.05,131.33,0.36,44.57,0.08,34.8,1.8,4473.61,2535.43,19.54,0.84,32.58,2.11,202.15,0.2,31.13,0.17,539.99,0.35,12.77,0.11,4.02,0,18.63,0.07,131.39,0.43,131.42,0.34,62.73,0.08,607.4,65.73,4498.87,11.87,67.47,0.13,11.92,0.11,87.5,0.31,12,0.06,-19.53,3.07,34.06,0.03,151.57,0.03,55.76,0.35,-4.8,0.01,540.07,0.35,33.3,44.3,77.6,1.1
0.4,0,109.89,1.1,9.41,0.1,1.88,0.06,131.07,0.48,1.89,0.05,131.71,0.3,44.76,0.15,34.53,3.51,4385.13,2471.5,19.63,2.01,32.88,3.35,202.83,0.13,31.12,0.46,539.99,0.33,12.82,0.1,4,0,18.58,0.03,131.78,0.74,131.82,0.42,62.62,0.11,609.03,34.68,4500.02,0.37,66.92,0.26,11.92,0.07,87,0.26,11.99,0.03,-18.92,6.08,33.97,0.02,151.44,0.01,55.99,0.23,-4.8,0.01,540.07,0.33,26.8,48.2,75,1.5
0.4,0,109.99,0.09,9.42,0.06,1.82,0.05,130.31,0.2,1.82,0.04,131.05,0.24,44.72,0.09,34.81,1.75,4448.72,2492.35,19.46,0.84,32.55,1.8,202.79,0.15,30.79,0.18,540.01,0.36,12.79,0.07,4,0,18.54,0.04,131.06,0.25,131.09,0.21,62.45,0.08,604.31,60.1,4499.98,0.42,67.23,0.08,11.95,0.05,87.51,0.29,12,0.03,-19.5,2.64,33.99,0.02,151.46,0.01,55.85,0.27,-4.8,0.01,540.08,0.36,24.7,47.3,72,2.3
0.4,0,110,0.05,9.41,0.08,1.87,0.07,130.91,0.45,1.87,0.06,131.61,0.45,44.68,0.12,35.36,0.62,4529.54,2536.2,19.73,0.35,32.88,0.88,202.76,0.16,30.76,0.21,540.03,0.39,12.78,0.11,4,0,18.63,0.06,131.68,0.45,131.69,0.47,62.88,0.09,610.54,42.96,4500.12,1.16,67.43,0.16,11.95,0.06,86.57,0.47,12,0.04,-19.57,3.11,34.01,0.02,151.46,0,55.79,0.2,-4.8,0.01,540.1,0.39,28.7,45.9,74.6,1.6
0.4,0,110,0.14,9.43,0.09,1.82,0.06,130.33,0.23,1.82,0.04,131.06,0.21,44.63,0.1,35.03,0.15,4393.54,2492.59,19.58,0.28,32.64,0.76,203.74,0.17,30.58,0.24,540,0.39,12.77,0.09,3.98,0,18.58,0.03,131.06,0.23,131.07,0.24,63.19,0.09,608.51,37.29,4500.42,4.22,67.34,0.07,11.93,0.22,86.99,0.18,12.01,0.03,-19.57,2.95,34.1,0.03,151.29,0.01,55.97,0.31,-4.8,0.01,540.03,0.39,28.1,45.5,73.6,1.6
0.4,0,109.91,0.9,9.42,0.08,1.83,0.07,130.5,0.43,1.84,0.05,131.26,0.32,44.6,0.13,34.66,2.88,4567.01,2574.61,19.49,1.57,32.49,2.87,203.8,0.18,30.64,0.18,540.04,0.39,12.76,0.1,3.97,0,18.56,0.07,131.2,0.64,131.25,0.39,62.68,0.1,602.29,66.11,4500.11,1.18,67.41,0.12,11.94,0.08,87.65,0.37,12,0.05,-19.21,4.67,34.12,0.03,151.29,0.01,55.14,0.28,-4.8,0.01,540.06,0.39,31.6,44.4,76,1.4
0.4,0,110,0.12,9.43,0.09,1.87,0.07,131.01,0.15,1.88,0.05,131.6,0.15,44.6,0.08,34.71,0.62,4441.26,2492.38,19.71,0.3,32.75,0.94,204.31,0.18,30.95,0.21,540,0.35,12.81,0.08,3.96,0,18.68,0.04,131.75,0.17,131.76,0.17,62.71,0.1,613.05,45.12,4500.19,1.83,67.42,0.07,11.93,0.05,87.83,0.32,12,0.03,-19.57,2.76,34.19,0.03,151.17,0.02,55.89,0.27,-4.8,0.01,540.03,0.36,31.7,44,75.7,1.4
0.4,0,109.92,0.84,9.42,0.09,1.88,0.07,131.07,0.37,1.88,0.05,131.77,0.28,44.54,0.12,34.62,2.91,4462.27,2512.79,19.64,1.61,32.62,2.95,204.29,0.16,30.99,0.23,540,0.34,12.72,0.07,3.96,0,18.7,0.04,131.77,0.6,131.8,0.38,62.86,0.1,609.9,68.91,4496.92,32.93,67.5,0.11,11.91,0.05,87.38,0.35,12,0.03,-19.16,4.07,34.17,0.03,151.19,0.02,56.01,0.37,-4.8,0.01,540.02,0.34,36.3,39.2,75.5,1.5
0.4,0,109.98,0.2,9.44,0.1,1.9,0.07,131.37,0.22,1.91,0.05,132.02,0.2,44.53,0.09,34.64,1.75,4511.32,2535.25,19.72,0.83,32.76,2.04,204.35,0.15,30.74,0.17,539.99,0.32,12.73,0.07,3.96,0,18.7,0.05,132.06,0.37,132.1,0.22,62.77,0.06,611.36,65.88,4494.05,59.77,67.51,0.09,11.92,0.06,87.76,0.42,12,0.03,-19.46,2.37,34.18,0.02,151.18,0.01,56.28,0.17,-4.8,0.01,540,0.32,34.4,43,77.4,1.2
0.4,0,110,0.05,9.41,0.09,1.82,0.06,130.48,0.21,1.83,0.04,131.15,0.25,44.85,0.19,34.93,0.62,4418.04,2492.85,19.72,0.29,32.92,1,204.68,0.18,30.93,0.33,539.99,0.34,12.94,0.05,3.95,0,18.55,0.03,131.15,0.24,131.17,0.21,62.5,0.11,605.64,46.57,4500.16,1.71,66.97,0.22,11.91,0.07,87.25,0.16,12,0.02,-19.49,2.58,34.28,0.03,151.13,0.02,55.28,0.27,-4.8,0.01,539.97,0.34,26.1,47.3,73.4,2.3
0.4,0,110,0.12,9.43,0.09,1.82,0.07,130.44,0.29,1.82,0.05,131.01,0.35,44.46,0.11,34.53,1.17,4450.9,2470.17,19.49,0.52,32.51,1.4,205,0.18,31.64,0.29,539.99,0.36,12.74,0.1,3.94,0,18.68,0.05,131.06,0.32,131.08,0.28,63.16,0.08,611.88,55.99,4500.34,3.66,67.45,0.1,11.87,0.12,87.45,0.33,11.99,0.03,-19.49,2.67,34.34,0.03,151.06,0.02,55.79,0.32,-4.8,0.01,539.98,0.36,28.5,46,74.5,1.4
0.4,0,110,0.18,9.45,0.12,1.82,0.07,130.52,0.25,1.83,0.04,131.05,0.4,44.36,0.1,34.58,1.17,4500.37,2557.06,19.46,0.58,32.51,1.47,205.03,0.18,31.71,0.19,540,0.32,12.82,0.09,3.94,0,18.69,0.06,131.15,0.32,131.17,0.26,62.86,0.08,612.8,52.2,4484.78,165.38,67.27,0.14,11.88,0.05,87.85,0.27,12,0.04,-19.57,2.8,34.36,0.03,151.06,0.02,55.54,0.53,-4.8,0.01,539.98,0.32,30.7,43.1,73.8,1.7
0.4,0,110,0.12,9.43,0.08,1.86,0.07,130.91,0.39,1.86,0.05,131.78,0.39,44.42,0.09,34.73,0.59,4432.16,2492.21,19.66,0.33,32.75,0.95,204.43,0.14,31.77,0.23,539.99,0.34,12.69,0.09,3.96,0,18.61,0.04,131.58,0.38,131.58,0.39,65.81,0.09,609.32,47.03,4500.06,0.3,67.68,0.06,11.92,0.08,87.72,0.25,12,0.04,-19.55,2.76,34.34,0.02,151.19,0.01,55.6,0.12,-4.8,0,539.95,0.34,27.1,48,75.1,1.5
0.4,0,109.87,1.34,9.47,0.08,1.85,0.06,130.72,0.53,1.85,0.05,131.52,0.44,44.51,0.13,34.48,3.45,4523.44,2536.13,19.43,1.98,32.35,3.26,204.39,0.15,31.29,0.2,539.99,0.35,12.76,0.1,3.96,0,18.64,0.08,131.36,0.76,131.4,0.53,64.55,0.14,611.7,34.42,4499.99,0.28,67.63,0.12,11.94,0.07,88.3,0.29,12,0.05,-19.1,6.46,34.32,0.03,151.2,0.01,55.01,0.51,-4.8,0.01,539.95,0.35,29.9,46.2,76.1,1.6
0.4,0,110,0.12,9.5,0.09,1.78,0.06,130,0.13,1.78,0.04,130.72,0.18,44.61,0.13,34.59,0.59,4410.99,2472.67,19.37,0.26,32.38,0.82,203.29,0.16,31.33,0.27,539.99,0.32,12.99,0.07,3.99,0,18.56,0.04,130.62,0.14,130.63,0.19,62.07,0.1,606.46,44.81,4499.94,0.29,67.19,0.07,11.94,0.04,87.81,0.2,12,0.02,-19.6,2.74,34.11,0.02,151.44,0.02,55.24,0.22,-4.8,0.01,539.92,0.32,37.4,41.1,78.5,1.2
0.4,0,109.97,0.38,9.5,0.11,1.84,0.07,130.69,0.44,1.85,0.05,131.35,0.44,44.55,0.11,34.67,2.31,4535.16,2535.03,19.45,1.17,32.48,2.45,202.93,0.18,30.9,0.15,540.01,0.3,12.83,0.09,4,0,18.64,0.07,131.33,0.56,131.37,0.43,62.69,0.09,606.76,67.57,4499.98,0.28,67.43,0.13,11.93,0.22,87.1,0.26,11.99,0.05,-19.38,3.52,34.06,0.02,151.5,0.02,54.95,0.26,-4.8,0.01,539.96,0.3,34.4,42.4,76.8,1.5
0.4,0,109.97,0.35,9.43,0.08,1.86,0.06,130.95,0.29,1.87,0.05,131.61,0.29,44.49,0.1,34.62,2.34,4388.68,2491.38,19.6,1.21,32.6,2.43,203.23,0.14,31.6,0.2,540.01,0.33,12.85,0.08,3.99,0,18.74,0.04,131.59,0.42,131.62,0.28,63.01,0.09,612.79,67.63,4499.98,0.27,67.5,0.08,11.9,0.19,87.19,0.25,11.99,0.03,-19.45,3.33,34.14,0.02,151.43,0.01,55.63,0.18,-4.8,0.01,539.97,0.33,25.7,45.9,71.6,2.3
0.4,0,110.01,0.09,9.49,0.09,1.88,0.07,131.22,0.42,1.89,0.06,131.75,0.46,44.64,0.12,34.61,0.62,4365.54,2470.75,19.77,0.38,33,0.91,204.03,0.13,31.29,0.42,540,0.31,12.9,0.11,3.97,0,18.55,0.04,131.86,0.41,131.87,0.41,62.4,0.09,606.2,41.73,4500.44,4.85,67.24,0.19,11.9,0.17,87.64,0.31,11.99,0.04,-19.46,3.14,34.12,0.03,151.25,0.01,56.26,0.21,-4.8,0,540,0.3,33.4,42.2,75.6,1.6
0.4,0,110,0.08,9.43,0.09,1.94,0.07,131.81,0.19,1.94,0.05,132.4,0.22,44.56,0.09,34.43,1.2,4438.12,2491.7,19.83,0.62,32.93,1.43,204.86,0.14,31.93,0.31,539.99,0.32,12.88,0.08,3.95,0,18.75,0.04,132.5,0.23,132.51,0.22,62.91,0.08,616.77,49.57,4499.91,0.36,67.68,0.1,11.95,0.06,88.14,0.31,12,0.02,-19.52,2.56,34.37,0.02,151.05,0.01,56.52,0.19,-4.8,0.01,540.05,0.32,21.4,49.1,70.5,2
0.4,0,110,0.08,9.43,0.07,1.87,0.06,131.02,0.29,1.88,0.05,131.65,0.31,44.61,0.09,34.42,0.58,4444.05,2492.12,19.68,0.38,32.75,0.79,204.87,0.14,32.12,0.2,540.01,0.32,12.89,0.08,3.95,0,18.72,0.04,131.74,0.29,131.75,0.32,63.22,0.07,615.88,40.58,4500,0.26,67.66,0.1,11.93,0.05,87.45,0.28,12,0.03,-19.59,2.74,34.33,0.02,151.05,0.01,56.61,0.17,-4.8,0.01,540.06,0.32,24.5,47,71.5,2.6
0.4,0,110,0.1,9.46,0.09,1.87,0.08,130.93,0.46,1.87,0.06,131.51,0.56,44.58,0.08,34.4,1.16,4502.13,2535.25,19.59,0.6,32.64,1.43,204.94,0.14,31.87,0.18,540.01,0.33,12.83,0.09,3.94,0,18.7,0.06,131.64,0.49,131.66,0.46,62.97,0.08,613.19,50.75,4500.21,2.5,67.64,0.13,11.94,0.08,88.1,0.37,12,0.04,-19.64,2.36,34.36,0.02,151.03,0.01,56.42,0.28,-4.8,0.01,540.07,0.33,27.5,49,76.5,1.7
0.4,0,109.97,0.35,9.44,0.1,1.87,0.08,130.85,0.69,1.87,0.07,131.23,0.8,45.14,0.18,34.01,2.31,4347.44,2449.7,19.65,1.25,32.87,2.52,205.08,0.15,32.51,0.24,540.01,0.33,12.99,0.09,3.94,0,18.64,0.04,131.67,0.75,131.7,0.65,62.39,0.09,607.24,68.02,4500.01,0.31,67.2,0.1,11.98,0.07,0,0,12,0.04,-19.44,3.11,34.25,0.03,150.94,0.01,57.21,0.28,-4.8,0.01,540.17,0.33,26.9,47.1,74,2
0.4,0,110,0.04,9.43,0.08,1.85,0.06,130.67,0.11,1.85,0.04,131.31,0.22,44.89,0.14,34.64,0.58,4360.22,2471.42,19.62,0.22,32.71,0.84,204.9,0.15,31.48,0.21,540,0.35,12.61,0.08,3.95,0,18.5,0.03,131.42,0.12,131.43,0.16,62.51,0.09,603.57,43.49,4500.2,2.27,67.25,0.06,11.91,0.27,84.72,0.15,11.99,0.03,-20.02,1.85,34.25,0.02,151.06,0.01,56.51,0.23,-4.8,0.01,540.03,0.35,32.8,44,76.8,1.3
0.4,0,109.91,0.9,9.41,0.07,1.91,0.08,131.34,0.61,1.91,0.06,131.87,0.64,44.94,0.18,34.4,2.86,4466.16,2535.94,19.67,1.6,32.71,3.01,204.87,0.15,31.43,0.25,540,0.34,12.63,0.09,3.95,0,18.67,0.07,132.06,0.81,132.11,0.6,62.98,0.11,613.42,36.42,4500.48,4.29,67.36,0.08,11.9,0.24,84.27,0.23,12,0.04,-19.66,4.87,34.22,0.03,151.06,0.01,56.36,0.28,-4.8,0.01,0,0,34.2,42.7,76.9,1.5
0.4,0,109.86,1.44,9.44,0.07,1.78,0.06,129.9,0.5,1.78,0.05,130.53,0.34,44.66,0.13,34.26,2.85,4480.7,2514.09,19.29,1.57,32.21,2.89,204.9,0.15,31.89,0.14,540,0.36,12.66,0.09,3.95,0,18.56,0.04,130.53,0.76,130.56,0.48,62.71,0.08,601.67,70.81,4500.09,0.93,67.03,0.09,11.88,0.05,84.73,0.1,12,0.04,-19.46,6.13,34.28,0.03,151.08,0.01,56.61,0.19,-4.8,0.01,540,0.36,28.6,47.9,76.5,1.7
0.4,0,109.93,0.68,9.42,0.06,1.76,0.06,129.68,0.36,1.77,0.04,130.53,0.19,44.66,0.11,34.64,2.9,4511.44,2534.67,19.32,1.56,32.27,2.88,203.1,0.15,30.58,0.21,540.01,0.33,12.82,0.07,3.99,0,18.59,0.05,130.38,0.59,130.43,0.24,62.56,0.08,603.83,67.65,4495.83,44.57,66.87,0.09,12.02,0.06,84.79,0.18,12,0.04,-19.7,3.72,34.11,0.02,151.43,0.01,55.71,0.18,-4.8,0.01,540.01,0.33,34.3,42.8,77.1,1.2
0.4,0,109.98,0.17,9.44,0.07,1.84,0.06,130.53,0.19,1.84,0.05,131.22,0.21,44.92,0.08,34.44,1.74,4399.81,2491.69,19.52,0.84,32.59,1.97,204.75,0.16,31.14,0.24,540.03,0.38,12.78,0.07,3.95,0,18.66,0.05,131.32,0.28,131.35,0.22,63.18,0.09,609.43,64.38,4499.8,2.04,67.06,0.04,11.99,0.05,84.74,0.23,12.01,0.03,-19.53,3.13,34.37,0.03,151.04,0.01,56.45,0.22,-4.8,0.01,540.13,0.38,36.5,41.4,77.9,1.3
0.4,0,110,0.1,9.44,0.07,1.77,0.06,129.73,0.18,1.77,0.05,130.4,0.24,44.71,0.08,34.68,0.58,4495.71,2513.82,19.46,0.26,32.48,0.88,205.21,0.15,30.45,0.21,540.02,0.35,12.79,0.09,3.94,0,18.54,0.05,130.52,0.2,130.53,0.2,62.8,0.07,605.75,44,4500.03,0.45,66.8,0.08,12,0.07,84.62,0.27,12,0.03,-19.51,2.57,34.22,0.02,150.98,0.01,56.15,0.19,-4.8,0.01,540.07,0.34,32.1,44.8,76.9,1.2
0.4,0,110,0.07,9.42,0.09,1.8,0.06,130.22,0.18,1.81,0.05,130.85,0.24,44.72,0.08,34.8,1.22,4412.68,2492.62,19.54,0.47,32.61,1.42,203.87,0.15,30.67,0.18,539.99,0.31,12.71,0.09,3.97,0,18.51,0.04,130.89,0.24,130.92,0.19,62.26,0.07,602.24,55.37,4500.07,1.11,67.34,0.06,11.97,0.07,84.43,0.14,12,0.02,-19.88,1.84,34.11,0.02,151.28,0.02,56.16,0.31,-4.8,0.01,539.99,0.31,23.2,46.3,69.5,2.4
0.4,0,109.87,1.29,9.42,0.09,1.76,0.06,129.56,0.41,1.76,0.04,130.19,0.32,44.69,0.13,34.46,3.46,4462.47,2514.08,19.29,1.97,32.26,3.26,204.45,0.16,30.66,0.19,539.99,0.31,12.8,0.11,3.96,0,18.48,0.06,130.27,0.67,130.3,0.41,62.78,0.11,603.15,33.5,4500.02,0.27,67.36,0.1,11.99,0.07,83.71,0.23,12,0.04,-19.6,5.71,34.2,0.03,151.16,0.02,56.24,0.23,-4.8,0.01,540,0.31,22.7,47.4,70.1,2.4
0.4,0,109.89,1.1,9.42,0.09,1.81,0.07,130.18,0.52,1.81,0.04,130.89,0.27,44.8,0.12,34.47,3.45,4484.69,2514.16,19.42,1.96,32.38,3.26,204.65,0.17,30.72,0.22,540.01,0.31,12.72,0.08,3.95,0,18.5,0.04,130.88,0.8,130.94,0.4,62.6,0.11,603.75,38.17,4500,0.36,67.41,0.08,11.99,0.05,84.1,0.12,12,0.03,-19.55,4.5,34.21,0.02,151.12,0.02,56.68,0.29,-4.8,0.01,540.02,0.31,32.2,44.5,76.7,1.4
0.4,0,110,0.06,9.4,0.1,1.86,0.07,130.95,0.42,1.87,0.06,131.21,0.56,44.68,0.08,34.98,0.62,4364.42,2470.48,19.82,0.42,33.14,0.85,205.21,0.19,30.51,0.21,540,0.33,12.74,0.14,3.94,0,18.57,0.04,131.6,0.42,131.61,0.42,62.09,0.08,607.56,39.36,4499.25,7.78,66.89,0.23,11.98,0.14,84.64,0.37,11.99,0.06,-19.51,2.72,34.36,0.03,151.03,0.03,56.19,0.28,-4.8,0.01,539.97,0.34,23.5,47.1,70.6,2.4
0.4,0,110,0.07,9.42,0.11,1.78,0.06,129.91,0.21,1.78,0.05,130.56,0.23,44.69,0.08,34.97,0.58,4449.18,2493.27,19.52,0.23,32.58,0.83,205.37,0.17,30.46,0.2,540,0.35,12.75,0.09,3.93,0,18.51,0.04,130.62,0.22,130.64,0.23,62.05,0.08,604.4,39.9,4500.04,0.44,67.14,0.07,11.99,0.05,84.58,0.13,12,0.03,-19.53,2.58,34.39,0.03,151,0.02,55.94,0.37,-4.8,0.01,539.98,0.36,26,48,74,1.6
0.4,0,109.88,1.22,9.42,0.08,1.79,0.06,129.97,0.42,1.79,0.05,130.62,0.38,44.7,0.12,34.5,3.45,4501.59,2536.08,19.41,1.97,32.35,3.25,205.43,0.19,30.63,0.25,539.99,0.38,12.76,0.08,3.93,0,18.54,0.06,130.69,0.67,130.72,0.44,62.72,0.1,607.08,31.25,4499.99,0.34,67.34,0.13,11.99,0.07,84.4,0.22,12,0.04,-19.08,5.46,34.38,0.02,150.97,0.02,56.62,0.33,-4.8,0.01,539.99,0.39,25.8,49,74.8,1.7
0.4,0,109.98,0.2,9.4,0.08,1.89,0.07,131.3,0.28,1.89,0.05,131.85,0.25,44.69,0.1,34.9,1.77,4395.25,2469.64,19.87,0.81,33.1,2.01,205.11,0.15,30.39,0.27,540,0.32,12.84,0.18,3.94,0,18.59,0.03,131.93,0.35,131.96,0.27,62.45,0.09,605.66,65.92,4499.82,2.15,67.18,0.21,12.02,0.07,84.52,0.43,12.01,0.04,-19.74,2.18,34.21,0.04,151.04,0.01,55.11,0.21,-4.8,0,540,0.32,30.6,45.7,76.3,1.3
0.4,0,110,0.04,9.41,0.09,1.89,0.06,131.19,0.27,1.89,0.05,131.87,0.25,44.67,0.08,34.86,0.05,4439.21,2487.06,19.83,0.37,33,0.4,205.07,0.15,30.75,0.22,539.99,0.31,12.68,0.09,3.94,0,18.55,0.04,131.87,0.29,131.88,0.32,62.53,0.08,606.67,35.99,4500.16,1.58,67.43,0.11,11.98,0.06,84.19,0.12,12,0.03,-19.45,2.66,34.25,0.02,151.04,0.01,55.39,0.23,-4.8,0,539.99,0.31,31.8,43.6,75.4,1.3
0.4,0,109.91,0.96,9.43,0.06,1.85,0.07,130.67,0.44,1.85,0.05,131.28,0.36,44.7,0.11,34.32,2.86,4529.32,2555.85,19.55,1.59,32.54,2.95,204.25,0.14,31.32,0.38,540,0.33,12.76,0.09,3.96,0,18.53,0.06,131.38,0.66,131.42,0.4,63.16,0.11,606.52,30.91,4500.11,1.27,67.57,0.12,11.96,0.08,84.43,0.28,12,0.04,-19.17,4.12,34.17,0.03,151.19,0.01,55.46,0.29,-4.8,0.01,540.03,0.33,35.2,41.2,76.4,1.7
0.4,0,110,0.08,9.45,0.08,1.78,0.06,129.8,0.18,1.78,0.05,130.37,0.22,44.63,0.1,34.34,0.58,4494.7,2514.11,19.37,0.29,32.37,0.85,204.38,0.17,31.63,0.19,540,0.38,12.79,0.07,3.96,0,18.61,0.05,130.62,0.2,130.63,0.22,62.54,0.08,609.7,41.49,4500.03,0.48,67.34,0.07,11.93,0.2,84.54,0.11,12,0.04,-19.63,2.49,34.31,0.03,151.13,0.01,56.77,0.27,-4.8,0.01,540.07,0.38,26.6,46.7,73.3,1.9
0.4,0,109.99,0.1,9.43,0.06,1.82,0.07,130.24,0.36,1.82,0.05,130.9,0.32,44.92,0.1,34.61,1.76,4367.39,2448.91,21.65,0.94,33.63,1.96,203.78,0.12,30.92,0.34,540,0.28,12.84,0.07,3.97,0,18.54,0.05,131.07,0.41,131.09,0.36,62.7,0.08,603.03,67.51,4500,1.29,67.16,0.1,11.99,0.07,84.52,0.45,12,0.04,-19.94,1.52,34.04,0.02,151.25,0,55.76,0.18,-4.8,0.01,540.09,0.28,32.2,41.2,73.4,1.7
0.4,0,110,0.04,9.43,0.06,1.91,0.07,131.36,0.32,1.91,0.05,131.83,0.31,44.77,0.08,34.37,0.58,4430.73,2514.51,21.82,0.34,34.01,0.98,203.83,0.13,32.01,0.23,540.02,0.3,12.72,0.08,3.97,0,18.64,0.04,132.14,0.32,132.16,0.34,62.74,0.08,610.67,49.35,4499.98,0.39,67.58,0.06,11.93,0.07,83.93,0.22,12,0.04,-19.99,1.47,34.04,0.02,151.22,0,56.34,0.19,-4.8,0.01,540.13,0.29,28.9,45.6,74.5,1.7
0.4,0,109.86,1.38,9.45,0.07,1.82,0.06,130.26,0.4,1.82,0.04,130.74,0.29,44.75,0.13,34.08,3.44,4422.36,2492.97,21.36,2.18,33.37,3.38,205.11,0.12,31.58,0.15,540,0.28,12.8,0.1,3.94,0,18.6,0.05,131.03,0.71,131.08,0.42,62.47,0.13,609.19,37.1,4500,0.42,67.41,0.06,11.95,0.06,84.6,0.09,12,0.04,-19.46,5.34,34.16,0.02,150.97,0.01,57.17,0.21,-4.8,0.01,540.1,0.28,26.6,47.7,74.3,1.4
0.4,0,110,0.07,9.49,0.09,1.8,0.07,130.12,0.35,1.81,0.05,130.45,0.48,44.82,0.09,34.59,1.18,4358.59,2470.66,21.53,0.6,33.77,1.47,203.29,0.14,30.4,0.26,539.98,0.29,12.7,0.1,3.99,0,18.48,0.04,130.91,0.36,130.93,0.34,61.74,0.1,601.13,56.54,4500.1,1.44,66.54,0.23,12.01,0.13,84.73,0.35,12,0.03,-19.46,2.6,34.01,0.03,151.34,0.01,56.6,0.2,-4.8,0.01,540.07,0.29,28.3,48.1,76.4,1.4
0.4,0,109.99,0.09,9.49,0.09,1.93,0.07,131.59,0.46,1.93,0.06,132.08,0.55,44.85,0.09,34.2,1.73,4454.4,2513.65,21.73,1.03,33.89,1.97,203.41,0.12,31.33,0.32,540,0.3,12.8,0.1,3.98,0,18.71,0.07,132.39,0.48,132.41,0.49,62.51,0.06,612.28,66.35,4500.02,0.51,67.41,0.12,12,0.07,84.4,0.25,12,0.05,-19.55,2.32,34.03,0.02,151.3,0,56.72,0.36,-4.8,0.01,540.12,0.3,28.9,46.2,75.1,1.2
0.4,0,109.92,0.85,9.5,0.06,1.91,0.07,131.4,0.41,1.92,0.05,131.99,0.45,44.94,0.12,34.14,2.86,4455.44,2515.18,21.61,1.76,33.69,3.02,203.49,0.16,31.41,0.33,540,0.37,12.81,0.1,3.98,0,18.69,0.07,132.16,0.64,132.2,0.43,62.69,0.07,608.94,68.36,4500.15,1.7,67.62,0.14,12.01,0.07,84.12,0.21,12,0.06,-19.31,3.47,34.21,0.03,151.28,0.01,56.79,0.32,-4.8,0.01,540.12,0.37,27.6,47.3,74.9,1.8
0.4,0,109.94,0.64,9.45,0.1,1.84,0.07,130.51,0.58,1.85,0.06,130.73,0.64,44.8,0.12,26.81,2.28,4372.38,2469.61,21.49,1.78,33.69,3,203.5,0.12,32.06,0.38,539.97,0.29,12.69,0.09,3.98,0,18.54,0.03,131.33,0.73,131.36,0.56,62.09,0.12,601.48,65.78,4499.98,0.37,67.19,0.22,11.96,0.08,84.64,0.42,12,0.04,-19.68,3.68,34.06,0.03,151.26,0.01,57.34,0.27,-4.8,0.01,540.12,0.29,38.9,39.7,78.6,1.5
0.4,0,110,0.09,9.47,0.08,1.74,0.05,129.24,0.21,1.74,0.04,129.8,0.3,44.84,0.1,26.9,0.92,4426.71,2514.15,21.22,0.57,33.22,1.33,203.33,0.12,32.19,0.19,539.98,0.28,12.83,0.09,3.99,0,18.48,0.04,130.1,0.22,130.12,0.26,62.5,0.08,602.01,48.06,4500.95,10.13,67.45,0.05,11.93,0.18,84.05,0.28,12,0.04,-20.04,2.24,34.03,0.02,151.29,0,56.76,0.25,-4.8,0.01,540.13,0.28,38.4,40,78.4,1.9
0.4,0,110,0.09,9.51,0.08,1.87,0.06,130.87,0.24,1.87,0.05,131.43,0.23,44.6,0.07,33.93,0.58,4465.82,2514.75,21.53,0.29,33.64,0.88,203.9,0.13,32.43,0.2,539.99,0.32,12.95,0.08,3.97,0,18.59,0.04,131.66,0.25,131.68,0.26,62.33,0.1,608.13,45.99,4500.23,2.55,67.75,0.07,11.93,0.06,84.86,0.25,12,0.03,-19.61,2.66,34.07,0.02,151.19,0,55.59,0.23,-4.8,0.01,540.12,0.32,36,41.4,77.4,1.5
0.4,0,109.97,0.27,9.48,0.07,1.93,0.06,131.61,0.38,1.94,0.05,132.38,0.31,44.85,0.1,34.37,1.75,4356.76,2470.14,21.76,1.32,33.9,2.48,203.63,0.12,30.71,0.37,539.99,0.3,12.78,0.14,3.98,0,18.56,0.03,132.39,0.47,132.41,0.36,62.48,0.09,603.17,66.47,4494.65,61.7,67.37,0.11,12.04,0.19,84.11,0.26,12,0.05,-19.9,2.7,34.12,0.04,151.25,0,55.72,0.28,-4.8,0.01,540.11,0.3,28.6,45.7,74.3,1.7
0.4,0,109.99,0.16,9.49,0.08,1.91,0.07,131.4,0.42,1.92,0.06,132.09,0.38,44.87,0.09,34.23,1.73,4442.98,2513.85,21.66,0.9,33.79,1.92,203.67,0.12,30.91,0.24,539.99,0.29,12.81,0.13,3.98,0,18.57,0.05,132.19,0.47,132.22,0.4,62.49,0.08,604.78,65.4,4500.11,2.46,67.34,0.09,12,0.09,84.41,0.14,11.99,0.04,-19.88,2.14,34.17,0.02,151.23,0.01,55.79,0.24,-4.8,0,540.13,0.29,29.6,46.1,75.7,1.9
0.4,0,109.88,1.19,9.52,0.08,1.8,0.07,129.97,0.62,1.8,0.06,130.44,0.57,44.85,0.15,34.08,3.48,4383.6,2470.39,21.23,2.2,33.25,3.42,203.86,0.14,30.76,0.34,540,0.28,12.84,0.09,3.97,0,18.46,0.04,130.75,0.83,130.78,0.59,61.68,0.13,602.25,31.8,4500.14,1.58,67.18,0.1,12.01,0.07,84.64,0.31,12,0.04,-19.05,5.59,34.07,0.02,151.25,0.01,55.74,0.28,-4.8,0.01,540.05,0.28,24,48.1,72.1,2.1
0.4,0,109.99,0.17,9.51,0.08,1.86,0.07,130.77,0.54,1.86,0.06,131.34,0.6,44.71,0.22,34.14,1.7,4489.04,2514.03,21.5,0.93,33.55,1.95,203.88,0.15,31.35,0.37,540.02,0.29,12.81,0.09,3.97,0,18.58,0.07,131.56,0.54,131.58,0.57,62.49,0.11,605.21,64.22,4499.94,1.22,67.47,0.13,11.99,0.07,84.72,0.12,12,0.05,-19.5,3.59,34.09,0.02,151.24,0.02,55.58,0.32,-4.8,0.01,540.08,0.29,23.4,48.6,72,2.2
0.4,0,109.92,0.8,9.46,0.07,1.76,0.06,129.53,0.4,1.76,0.05,130.11,0.41,44.62,0.13,34.03,2.88,4412.09,2469.63,21.11,1.73,33.01,2.94,203.81,0.12,31.92,0.15,540,0.3,12.82,0.09,3.97,0,18.53,0.04,130.31,0.58,130.34,0.4,62.58,0.11,600.77,66.48,4498.2,19.29,67.43,0.1,11.96,0.06,84.9,0.25,12,0.04,-19.18,4.49,34.09,0.02,151.27,0.01,55.88,0.3,-4.8,0.01,540.04,0.31,29.5,43.9,73.4,1.7
0.4,0,109.97,0.34,9.48,0.09,1.68,0.06,128.55,0.32,1.68,0.04,129.12,0.38,44.64,0.12,34.08,2.28,4495.09,2535.33,20.93,1.2,32.75,2.48,203.83,0.14,31.69,0.15,540.03,0.34,12.92,0.07,3.97,0,18.41,0.07,129.34,0.47,129.39,0.3,62.28,0.11,594.82,65.52,4500.09,0.8,67.38,0.1,11.97,0.06,85.18,0.12,12,0.04,-19.37,3.62,34.09,0.02,151.26,0.01,55.95,0.37,-4.8,0.01,540.08,0.34,30,44.9,74.9,1.2
0.4,0,109.89,1.09,9.52,0.07,1.74,0.08,129.34,0.71,1.75,0.05,129.97,0.58,44.97,0.12,34.25,2.91,4318.48,2449.97,21.11,2.2,33.13,3.42,204.79,0.11,30.6,0.32,540.01,0.27,12.75,0.1,3.95,0,18.38,0.04,130.09,0.97,130.15,0.58,61.96,0.12,597.38,36.91,4500.54,6.06,66.82,0.16,11.99,0.15,84.7,0.31,12,0.03,-18.97,5.38,34.16,0.02,151.08,0.01,56.43,0.19,-4.8,0.01,540.04,0.27,32.7,43.6,76.3,1.6
0.4,0,109.99,0.11,9.51,0.07,1.72,0.05,129.04,0.21,1.72,0.04,129.76,0.33,44.77,0.11,34.22,1.73,4413.26,2493.97,21.09,0.87,33.02,1.89,204.73,0.12,30.98,0.2,540,0.28,12.87,0.08,3.95,0,18.4,0.04,129.87,0.26,129.9,0.22,62.02,0.1,595.75,64.96,4499.96,0.68,67.07,0.07,12.01,0.07,84.65,0.11,12,0.04,-19.31,3.03,34.17,0.02,151.08,0.01,56.52,0.28,-4.8,0.01,540.05,0.28,35.3,41.5,76.8,1.4
0.4,0,109.99,0.14,9.51,0.07,1.79,0.09,129.88,0.74,1.79,0.08,130.53,0.86,44.78,0.09,34.09,1.13,4497.03,2535.6,21.32,0.71,33.31,1.53,205.19,0.16,31.38,0.32,539.98,0.38,12.81,0.1,3.94,0,18.55,0.08,130.68,0.77,130.7,0.79,62.6,0.1,0,0,4500.06,0.42,67.35,0.13,12.01,0.08,84.6,0.17,12,0.06,-19.57,3.05,34.48,0.03,150.97,0.01,56.96,0.4,-4.8,0.01,540.05,0.38,31.9,44.2,76.1,1.6
0.400033,0,109.93811,0.64,8.980646,0.09,1.917235,0.07,131.343036,0.32,1.921101,0.05,132.143377,0.27,45.257938,0.08,33.726725,2.83,4477.76112,2515.02,22.021635,1.81,34.241965,3.08,201.945258,0.18,33.013016,0.19,540.006089,0.17,12.621271,0.11,4.023152,0,18.67627,0.04,132.205837,0.52,132.245679,0.3,64.898579,0.11,609.11688,65.6,4500.173755,1.9,67.701913,0.06,11.887667,0.05,87.642621,0.26,12.003224,0.04,-19.960954,3.02,33.906074,0.03,151.43847,0.03,57.300222,0.19,-4.800778,0.01,540.340763,0.18,37.1,41.7,78.8,1.2
0.400067,0,109.949862,0.55,8.939944,0.07,1.915942,0.06,131.334689,0.34,1.918446,0.04,132.046816,0.27,45.452674,0.09,34.140028,2.31,4433.434439,2491.37,22.255484,1.83,34.568503,3.06,203.532883,0.07,32.217638,0.33,539.997273,0.11,12.640825,0.09,3.981187,0,18.617921,0.03,132.172858,0.51,132.200791,0.31,64.188407,0.09,606.548846,64.88,4500.100413,0.48,67.21132,0.28,11.954472,0.07,87.552388,0.52,11.998831,0.02,-19.42095,3.36,34.078916,0.02,151.145953,0.01,57.49727,0.33,-4.800163,0.01,540.305494,0.12,27.9,46.5,74.4,1.6
0.400006,0,110.003768,0.09,8.963511,0.07,1.899598,0.07,131.149932,0.26,1.902773,0.05,131.986174,0.29,45.403246,0.1,34.09839,0.58,4514.818211,2554.96,22.130975,0.68,34.415295,1.3,203.402241,0.11,32.628302,0.21,539.994906,0.13,12.575915,0.09,3.984585,0,18.617893,0.04,132.035008,0.27,132.050016,0.3,64.380707,0.09,610.596194,36.46,4500.091937,1.03,67.667447,0.09,11.903186,0.1,87.637424,0.26,12.000047,0.03,-19.496636,2.99,34.100083,0.01,151.168398,0.02,57.356507,0.34,-4.799629,0.01,540.30968,0.12,31.3,43.5,74.8,1.6
0.400032,0,109.889836,1.1,8.984187,0.08,1.842897,0.07,130.425035,0.45,1.846242,0.05,131.290318,0.31,45.37423,0.12,33.633055,3.4,4462.57042,2490.82,21.756572,2.22,33.88549,3.44,201.506136,0.06,33.28734,0.24,539.993171,0.11,12.631217,0.1,4.034722,0,18.624401,0.04,131.322682,0.68,131.361267,0.42,64.663568,0.1,610.485398,40.56,4500.07753,0.47,67.672617,0.11,11.86246,0.05,87.940371,0.37,12.000223,0.04,-19.409941,4.5,33.855408,0.01,151.540345,0.01,57.795708,0.19,-4.800792,0.01,540.331827,0.11,34.5,42.4,76.9,1.4
0.399997,0,110.001975,0.07,8.970197,0.06,1.868753,0.07,130.790966,0.28,1.87149,0.05,131.613501,0.31,45.31969,0.08,33.94818,0.07,4520.907816,2557.98,21.929584,0.51,34.263325,0.82,201.518509,0.07,33.431447,0.19,540.009395,0.12,12.552418,0.08,4.034553,0,18.632264,0.05,131.675134,0.33,131.684658,0.31,64.582472,0.09,610.58593,43.12,4500.095295,1.52,67.838969,0.08,11.840866,0.17,87.959648,0.19,11.997778,0.03,-19.776785,2.94,33.860101,0.01,151.546137,0.01,57.759032,0.16,-4.799762,0.01,540.316498,0.12,31.6,45,76.6,1.7
0.399987,0,109.993241,0.15,9.031639,0.07,1.887379,0.06,131.047894,0.24,1.889623,0.04,131.641562,0.28,45.457955,0.06,33.988612,1.16,4396.43359,2470.5,21.969355,0.66,34.39683,1.53,203.674093,0.11,32.625163,0.33,539.988507,0.12,12.632908,0.11,3.97741,0,18.601863,0.04,131.870323,0.31,131.884187,0.26,64.241475,0.1,606.570905,66.56,4500.003324,0.59,67.328345,0.21,11.948097,0.06,88.169994,0.29,11.998738,0.03,-19.482812,2.76,34.179539,0.03,151.133803,0.02,57.024811,0.34,-4.799482,0.01,540.282205,0.12,26.8,46.8,73.6,1.5
0.399964,0,109.988659,0.18,8.89223,0.08,1.796705,0.06,129.97406,0.27,1.79977,0.04,130.802532,0.28,45.606422,0.08,34.153033,1.72,4430.258151,2491.94,21.885488,0.93,34.119034,1.95,203.632866,0.08,32.654045,0.2,539.994274,0.13,12.632189,0.08,3.978543,0,18.565696,0.03,130.811288,0.32,130.836244,0.26,64.250687,0.1,604.500043,65.17,4499.920624,0.87,67.344778,0.09,11.9119,0.06,87.945349,0.23,12.001924,0.03,-19.349847,2.75,34.230566,0.01,151.134877,0.01,57.174509,0.22,-4.799734,0.01,540.28939,0.12,25.5,48.7,74.2,1.5
0.400054,0,109.90279,1.01,9.042743,0.07,1.84863,0.07,130.54559,0.58,1.851341,0.06,131.345961,0.48,45.482953,0.11,33.693319,2.79,4546.554538,2558.22,21.79033,2.2,33.868485,3.39,203.540391,0.09,32.843925,0.23,540.010763,0.12,12.617702,0.09,3.981124,0,18.662265,0.05,131.378949,0.79,131.417737,0.58,64.375528,0.11,613.899299,29.05,4500.012393,0.5,67.540484,0.16,11.8748,0.06,87.427722,0.44,12.000247,0.04,-19.473066,3.8,34.17851,0.02,151.151137,0.01,56.98948,0.26,-4.800189,0.01,540.290874,0.12,25.6,50,75.6,1.6
0.399954,0,109.999126,0.07,8.981154,0.09,1.816057,0.05,130.164013,0.23,1.819562,0.04,131.020975,0.27,45.380488,0.1,34.019249,0.56,4570.445357,2577.18,21.873181,0.43,34.13566,0.78,205.357548,0.09,33.081289,0.18,539.99668,0.13,12.64719,0.11,3.933884,0,18.578223,0.05,131.036242,0.25,131.056017,0.27,64.631904,0.11,606.893863,53.14,4499.989005,0.53,67.572551,0.06,11.836973,0.05,87.982052,0.22,12.000997,0.04,-19.673901,3.21,34.389612,0.01,150.799825,0.01,57.628397,0.31,-4.800121,0.01,540.287373,0.13,31.1,44.4,75.5,1.8
0.399989,0,109.990772,0.15,9.025194,0.08,1.90286,0.05,131.232918,0.15,1.905905,0.03,131.968247,0.18,45.481204,0.09,34.018553,1.14,4399.405266,2492.38,22.048434,0.62,34.43748,1.49,202.469316,0.07,32.661327,0.23,539.998615,0.11,12.600505,0.1,4.009177,0,18.544498,0.04,132.04654,0.23,132.068424,0.17,64.126526,0.1,605.183033,48.79,4498.482448,15.65,67.351086,0.12,11.89713,0.13,87.971231,0.36,11.999215,0.02,-19.62927,2.46,34.014832,0.02,151.370972,0.01,57.135062,0.2,-4.799812,0.01,540.290884,0.11,27.5,47.3,74.8,1.5
0.400033,0,110.009292,0.21,9.025571,0.11,1.886028,0.05,131.028635,0.11,1.888222,0.04,131.781326,0.13,45.587388,0.09,34.053958,0.19,4443.958985,2514.5,21.977765,0.34,34.266904,0.76,202.456792,0.11,32.6875,0.16,539.98766,0.12,12.55185,0.08,4.0094,0,18.546875,0.03,131.867266,0.12,131.871621,0.15,64.182722,0.11,607.18729,31.81,4500.278059,2.43,67.411775,0.07,11.891921,0.08,87.831742,0.22,12.000409,0.02,-19.797798,3.25,34.044794,0.02,151.371075,0.02,57.069173,0.27,-4.799538,0.01,540.301503,0.13,30.8,46.3,77.1,1.4
0.400039,0,109.887985,1.08,8.871537,0.09,1.83613,0.06,130.444435,0.49,1.838412,0.05,131.147723,0.38,45.386309,0.11,33.930912,2.82,4535.387332,2556.12,22.022778,2.23,34.109447,3.43,202.537993,0.22,33.006132,0.27,539.999192,0.13,12.665931,0.11,4.007373,0.01,18.550259,0.05,131.230124,0.67,131.261233,0.47,64.466002,0.12,607.586108,29.87,4500.021519,0.44,67.461222,0.18,11.867183,0.07,87.633271,0.44,11.997898,0.04,-19.415421,4.24,34.061916,0.05,151.359878,0.05,56.902571,0.23,-4.79997,0.01,540.290633,0.13,28,46.2,74.2,2
